character,action,frame,hitbox_1_status,hitbox_1_size,hitbox_1_x,hitbox_1_y,hitbox_2_status,hitbox_2_size,hitbox_2_x,hitbox_2_y,hitbox_3_status,hitbox_3_size,hitbox_3_x,hitbox_3_y,hitbox_4_status,hitbox_4_size,hitbox_4_x,hitbox_4_y,locomotion_x,locomotion_y,iasa,facing_changed,projectile
10,341,1,False,0,0,0,False,0,0,0,False,0,0,0,False,0,0,0,0.0,0.0,False,False,False
10,341,2,False,0,0,0,False,0,0,0,False,0,0,0,False,0,0,0,0.0,0.0,False,False,False
10,341,3,False,0,0,0,False,0,0,0,False,0,0,0,False,0,0,0,0.0,0.0,False,False,False
10,341,4,False,0,0,0,False,0,0,0,False,0,0,0,False,0,0,0,0.0,0.0,False,False,False
10,341,5,False,0,0,0,False,0,0,0,False,0,0,0,False,0,0,0,0.0,0.0,False,False,False
10,341,6,False,0,0,0,False,0,0,0,False,0,0,0,False,0,0,0,0.0,0.0,False,False,False
10,342,1,False,0,0,0,False,0,0,0,False,0,0,0,False,0,0,0,0.0,0.0,False,False,False
10,342,2,False,0,0,0,False,0,0,0,False,0,0,0,False,0,0,0,0.0,0.0,False,False,False
10,342,3,False,0,0,0,False,0,0,0,False,0,0,0,False,0,0,0,0.0,0.0,False,False,False
10,342,4,False,0,0,0,False,0,0,0,False,0,0,0,False,0,0,0,0.0,0.0,False,False,False
10,342,5,False,0,0,0,False,0,0,0,False,0,0,0,False,0,0,0,0.0,0.0,False,False,False
10,342,6,False,0,0,0,False,0,0,0,False,0,0,0,False,0,0,0,0.0,0.0,False,False,True
10,342,7,False,0,0,0,False,0,0,0,False,0,0,0,False,0,0,0,0.0,0.0,False,False,False
10,342,8,False,0,0,0,False,0,0,0,False,0,0,0,False,0,0,0,0.0,0.0,False,False,False
10,342,9,False,0,0,0,False,0,0,0,False,0,0,0,False,0,0,0,0.0,0.0,False,False,False
10,342,10,False,0,0,0,False,0,0,0,False,0,0,0,False,0,0,0,0.0,0.0,False,False,False
10,343,1,False,0,0,0,False,0,0,0,False,0,0,0,False,0,0,0,0.0,0.0,False,False,False
10,343,2,False,0,0,0,False,0,0,0,False,0,0,0,False,0,0,0,0.0,0.0,False,False,False
10,343,3,False,0,0,0,False,0,0,0,False,0,0,0,False,0,0,0,0.0,0.0,False,False,False
10,343,4,False,0,0,0,False,0,0,0,False,0,0,0,False,0,0,0,0.0,0.0,False,False,False
10,343,5,False,0,0,0,False,0,0,0,False,0,0,0,False,0,0,0,0.0,0.0,False,False,False
10,343,6,False,0,0,0,False,0,0,0,False,0,0,0,False,0,0,0,0.0,0.0,False,False,False
10,343,7,False,0,0,0,False,0,0,0,False,0,0,0,False,0,0,0,0.0,0.0,False,False,False
10,343,8,False,0,0,0,False,0,0,0,False,0,0,0,False,0,0,0,0.0,0.0,False,False,False
10,343,9,False,0,0,0,False,0,0,0,False,0,0,0,False,0,0,0,0.0,0.0,False,False,False
10,343,10,False,0,0,0,False,0,0,0,False,0,0,0,False,0,0,0,0.0,0.0,False,False,False
10,343,11,False,0,0,0,False,0,0,0,False,0,0,0,False,0,0,0,0.0,0.0,False,False,False
10,343,12,False,0,0,0,False,0,0,0,False,0,0,0,False,0,0,0,0.0,0.0,False,False,False
10,343,13,False,0,0,0,False,0,0,0,False,0,0,0,False,0,0,0,0.0,0.0,False,False,False
10,343,14,False,0,0,0,False,0,0,0,False,0,0,0,False,0,0,0,0.0,0.0,False,False,False
10,343,15,False,0,0,0,False,0,0,0,False,0,0,0,False,0,0,0,0.0,0.0,False,False,False
10,343,16,False,0,0,0,False,0,0,0,False,0,0,0,False,0,0,0,0.0,0.0,False,False,False
10,343,17,False,0,0,0,False,0,0,0,False,0,0,0,False,0,0,0,0.0,0.0,False,False,False
10,343,18,False,0,0,0,False,0,0,0,False,0,0,0,False,0,0,0,0.0,0.0,False,False,False
10,343,19,False,0,0,0,False,0,0,0,False,0,0,0,False,0,0,0,0.0,0.0,False,False,False
10,343,20,False,0,0,0,False,0,0,0,False,0,0,0,False,0,0,0,0.0,0.0,False,False,False
10,343,21,False,0,0,0,False,0,0,0,False,0,0,0,False,0,0,0,0.0,0.0,False,False,False
10,343,22,False,0,0,0,False,0,0,0,False,0,0,0,False,0,0,0,0.0,0.0,False,False,False
10,343,23,False,0,0,0,False,0,0,0,False,0,0,0,False,0,0,0,0.0,0.0,False,False,False
10,343,24,False,0,0,0,False,0,0,0,False,0,0,0,False,0,0,0,0.0,0.0,False,False,False
10,12,1,False,0,0,0,False,0,0,0,False,0,0,0,False,0,0,0,0,253.98997497558594,False,False,False
10,12,2,False,0,0,0,False,0,0,0,False,0,0,0,False,0,0,0,0,0,False,False,False
10,12,3,False,0,0,0,False,0,0,0,False,0,0,0,False,0,0,0,0,0,False,False,False
10,12,4,False,0,0,0,False,0,0,0,False,0,0,0,False,0,0,0,0,0,False,False,False
10,12,5,False,0,0,0,False,0,0,0,False,0,0,0,False,0,0,0,0,0,False,False,False
10,12,6,False,0,0,0,False,0,0,0,False,0,0,0,False,0,0,0,0,0,False,False,False
10,12,7,False,0,0,0,False,0,0,0,False,0,0,0,False,0,0,0,0,0,False,False,False
10,12,8,False,0,0,0,False,0,0,0,False,0,0,0,False,0,0,0,0,0,False,False,False
10,12,9,False,0,0,0,False,0,0,0,False,0,0,0,False,0,0,0,0,0,False,False,False
10,12,10,False,0,0,0,False,0,0,0,False,0,0,0,False,0,0,0,0,0,False,False,False
10,12,11,False,0,0,0,False,0,0,0,False,0,0,0,False,0,0,0,0,0,False,False,False
10,12,12,False,0,0,0,False,0,0,0,False,0,0,0,False,0,0,0,0,0,False,False,False
10,12,13,False,0,0,0,False,0,0,0,False,0,0,0,False,0,0,0,0,0,False,False,False
10,12,14,False,0,0,0,False,0,0,0,False,0,0,0,False,0,0,0,0,0,False,False,False
10,12,15,False,0,0,0,False,0,0,0,False,0,0,0,False,0,0,0,0,0,False,False,False
10,12,16,False,0,0,0,False,0,0,0,False,0,0,0,False,0,0,0,0,0,False,False,False
10,12,17,False,0,0,0,False,0,0,0,False,0,0,0,False,0,0,0,0,0,False,False,False
10,12,18,False,0,0,0,False,0,0,0,False,0,0,0,False,0,0,0,0,0,False,False,False
10,12,19,False,0,0,0,False,0,0,0,False,0,0,0,False,0,0,0,0,0,False,False,False
10,12,20,False,0,0,0,False,0,0,0,False,0,0,0,False,0,0,0,0,0,False,False,False
10,12,21,False,0,0,0,False,0,0,0,False,0,0,0,False,0,0,0,0,0,False,False,False
10,12,22,False,0,0,0,False,0,0,0,False,0,0,0,False,0,0,0,0,0,False,False,False
10,12,23,False,0,0,0,False,0,0,0,False,0,0,0,False,0,0,0,0,0,False,False,False
10,12,24,False,0,0,0,False,0,0,0,False,0,0,0,False,0,0,0,0,0,False,False,False
10,12,25,False,0,0,0,False,0,0,0,False,0,0,0,False,0,0,0,0,0,False,False,False
10,12,26,False,0,0,0,False,0,0,0,False,0,0,0,False,0,0,0,0,0,False,False,False
10,12,27,False,0,0,0,False,0,0,0,False,0,0,0,False,0,0,0,0,0,False,False,False
10,12,28,False,0,0,0,False,0,0,0,False,0,0,0,False,0,0,0,0,0,False,False,False
10,12,29,False,0,0,0,False,0,0,0,False,0,0,0,False,0,0,0,0,0,False,False,False
10,12,30,False,0,0,0,False,0,0,0,False,0,0,0,False,0,0,0,0,0,False,False,False
10,12,31,False,0,0,0,False,0,0,0,False,0,0,0,False,0,0,0,0,0,False,False,False
10,12,32,False,0,0,0,False,0,0,0,False,0,0,0,False,0,0,0,0,0,False,False,False
10,12,33,False,0,0,0,False,0,0,0,False,0,0,0,False,0,0,0,0,0,False,False,False
10,12,34,False,0,0,0,False,0,0,0,False,0,0,0,False,0,0,0,0,0,False,False,False
10,12,35,False,0,0,0,False,0,0,0,False,0,0,0,False,0,0,0,0,0,False,False,False
10,12,36,False,0,0,0,False,0,0,0,False,0,0,0,False,0,0,0,0,0,False,False,False
10,12,37,False,0,0,0,False,0,0,0,False,0,0,0,False,0,0,0,0,0,False,False,False
10,12,38,False,0,0,0,False,0,0,0,False,0,0,0,False,0,0,0,0,0,False,False,False
10,12,39,False,0,0,0,False,0,0,0,False,0,0,0,False,0,0,0,0,0,False,False,False
10,12,40,False,0,0,0,False,0,0,0,False,0,0,0,False,0,0,0,0,0,False,False,False
10,12,41,False,0,0,0,False,0,0,0,False,0,0,0,False,0,0,0,0,0,False,False,False
10,12,42,False,0,0,0,False,0,0,0,False,0,0,0,False,0,0,0,0,0,False,False,False
10,12,43,False,0,0,0,False,0,0,0,False,0,0,0,False,0,0,0,0,0,False,False,False
10,12,44,False,0,0,0,False,0,0,0,False,0,0,0,False,0,0,0,0,0,False,False,False
10,12,45,False,0,0,0,False,0,0,0,False,0,0,0,False,0,0,0,0,0,False,False,False
10,12,46,False,0,0,0,False,0,0,0,False,0,0,0,False,0,0,0,0,0,False,False,False
10,12,47,False,0,0,0,False,0,0,0,False,0,0,0,False,0,0,0,0,0,False,False,False
10,12,48,False,0,0,0,False,0,0,0,False,0,0,0,False,0,0,0,0,0,False,False,False
10,12,49,False,0,0,0,False,0,0,0,False,0,0,0,False,0,0,0,0,0,False,False,False
10,12,50,False,0,0,0,False,0,0,0,False,0,0,0,False,0,0,0,0,0,False,False,False
10,12,51,False,0,0,0,False,0,0,0,False,0,0,0,False,0,0,0,0,0,False,False,True
10,12,52,False,0,0,0,False,0,0,0,False,0,0,0,False,0,0,0,0,0,False,False,False
10,12,53,False,0,0,0,False,0,0,0,False,0,0,0,False,0,0,0,0,0,False,False,False
10,12,54,False,0,0,0,False,0,0,0,False,0,0,0,False,0,0,0,0,0,False,False,False
10,12,55,False,0,0,0,False,0,0,0,False,0,0,0,False,0,0,0,0,0,False,False,False
10,12,56,False,0,0,0,False,0,0,0,False,0,0,0,False,0,0,0,0,0,False,False,False
10,12,57,False,0,0,0,False,0,0,0,False,0,0,0,False,0,0,0,0,0,False,False,False
10,12,58,False,0,0,0,False,0,0,0,False,0,0,0,False,0,0,0,0,0,False,False,False
10,12,59,False,0,0,0,False,0,0,0,False,0,0,0,False,0,0,0,0,0,False,False,False
10,12,60,False,0,0,0,False,0,0,0,False,0,0,0,False,0,0,0,0,0,False,False,False
10,13,1,False,0,0,0,False,0,0,0,False,0,0,0,False,0,0,0,0,0.0,False,False,False
10,13,2,False,0,0,0,False,0,0,0,False,0,0,0,False,0,0,0,0,0.0,False,False,False
10,13,3,False,0,0,0,False,0,0,0,False,0,0,0,False,0,0,0,0,0.0,False,False,False
10,13,4,False,0,0,0,False,0,0,0,False,0,0,0,False,0,0,0,0,0.0,False,False,False
10,13,5,False,0,0,0,False,0,0,0,False,0,0,0,False,0,0,0,0,0.0,False,False,False
10,13,6,False,0,0,0,False,0,0,0,False,0,0,0,False,0,0,0,0,0.0,False,False,False
10,13,7,False,0,0,0,False,0,0,0,False,0,0,0,False,0,0,0,0,0.0,False,False,False
10,13,8,False,0,0,0,False,0,0,0,False,0,0,0,False,0,0,0,0,0.0,False,False,False
10,13,9,False,0,0,0,False,0,0,0,False,0,0,0,False,0,0,0,0,0.0,False,False,False
10,13,10,False,0,0,0,False,0,0,0,False,0,0,0,False,0,0,0,0,0.0,False,False,False
10,13,11,False,0,0,0,False,0,0,0,False,0,0,0,False,0,0,0,0,0.0,False,False,False
10,13,12,False,0,0,0,False,0,0,0,False,0,0,0,False,0,0,0,0,0.0,False,False,False
10,13,13,False,0,0,0,False,0,0,0,False,0,0,0,False,0,0,0,0,0.0,False,False,False
10,13,14,False,0,0,0,False,0,0,0,False,0,0,0,False,0,0,0,0,0.0,False,False,False
10,13,15,False,0,0,0,False,0,0,0,False,0,0,0,False,0,0,0,0,0.0,False,False,False
10,13,16,False,0,0,0,False,0,0,0,False,0,0,0,False,0,0,0,0,0.0,False,False,False
10,13,17,False,0,0,0,False,0,0,0,False,0,0,0,False,0,0,0,0,0.0,False,False,False
10,13,18,False,0,0,0,False,0,0,0,False,0,0,0,False,0,0,0,0,0.0,False,False,False
10,13,19,False,0,0,0,False,0,0,0,False,0,0,0,False,0,0,0,0,0.0,False,False,False
10,13,20,False,0,0,0,False,0,0,0,False,0,0,0,False,0,0,0,0,0.0,False,False,False
10,13,21,False,0,0,0,False,0,0,0,False,0,0,0,False,0,0,0,0,0.0,False,False,False
10,13,22,False,0,0,0,False,0,0,0,False,0,0,0,False,0,0,0,0,0.0,False,False,False
10,13,23,False,0,0,0,False,0,0,0,False,0,0,0,False,0,0,0,0,0.0,False,False,False
10,13,24,False,0,0,0,False,0,0,0,False,0,0,0,False,0,0,0,0,0.0,False,False,False
10,13,25,False,0,0,0,False,0,0,0,False,0,0,0,False,0,0,0,0,0.0,False,False,False
10,13,26,False,0,0,0,False,0,0,0,False,0,0,0,False,0,0,0,0,0.0,False,False,False
10,13,27,False,0,0,0,False,0,0,0,False,0,0,0,False,0,0,0,0,0.0,False,False,False
10,13,28,False,0,0,0,False,0,0,0,False,0,0,0,False,0,0,0,0,0.0,False,False,False
10,13,29,False,0,0,0,False,0,0,0,False,0,0,0,False,0,0,0,0,0.0,False,False,False
10,13,30,False,0,0,0,False,0,0,0,False,0,0,0,False,0,0,0,0,0.0,False,False,False
10,13,31,False,0,0,0,False,0,0,0,False,0,0,0,False,0,0,0,0,0.0,False,False,False
10,13,32,False,0,0,0,False,0,0,0,False,0,0,0,False,0,0,0,0,0.0,False,False,False
10,13,33,False,0,0,0,False,0,0,0,False,0,0,0,False,0,0,0,0,0.0,False,False,False
10,13,34,False,0,0,0,False,0,0,0,False,0,0,0,False,0,0,0,0,0.0,False,False,False
10,13,35,False,0,0,0,False,0,0,0,False,0,0,0,False,0,0,0,0,0.0,False,False,False
10,13,36,False,0,0,0,False,0,0,0,False,0,0,0,False,0,0,0,0,0.0,False,False,False
10,13,37,False,0,0,0,False,0,0,0,False,0,0,0,False,0,0,0,0,0.0,False,False,False
10,13,38,False,0,0,0,False,0,0,0,False,0,0,0,False,0,0,0,0,0.0,False,False,False
10,13,39,False,0,0,0,False,0,0,0,False,0,0,0,False,0,0,0,0,0.0,False,False,False
10,13,40,False,0,0,0,False,0,0,0,False,0,0,0,False,0,0,0,0,0.0,False,False,False
10,13,41,False,0,0,0,False,0,0,0,False,0,0,0,False,0,0,0,0,0.0,False,False,False
10,13,42,False,0,0,0,False,0,0,0,False,0,0,0,False,0,0,0,0,0.0,False,False,False
10,13,43,False,0,0,0,False,0,0,0,False,0,0,0,False,0,0,0,0,0.0,False,False,False
10,13,44,False,0,0,0,False,0,0,0,False,0,0,0,False,0,0,0,0,0.0,False,False,False
10,13,45,False,0,0,0,False,0,0,0,False,0,0,0,False,0,0,0,0,0.0,False,False,False
10,13,46,False,0,0,0,False,0,0,0,False,0,0,0,False,0,0,0,0,0.0,False,False,False
10,13,47,False,0,0,0,False,0,0,0,False,0,0,0,False,0,0,0,0,0.0,False,False,False
10,13,48,False,0,0,0,False,0,0,0,False,0,0,0,False,0,0,0,0,0.0,False,False,False
10,13,49,False,0,0,0,False,0,0,0,False,0,0,0,False,0,0,0,0,0.0,False,False,False
10,13,50,False,0,0,0,False,0,0,0,False,0,0,0,False,0,0,0,0,0.0,False,False,False
10,13,51,False,0,0,0,False,0,0,0,False,0,0,0,False,0,0,0,0,0.0,False,False,False
10,13,52,False,0,0,0,False,0,0,0,False,0,0,0,False,0,0,0,0,0.0,False,False,False
10,13,53,False,0,0,0,False,0,0,0,False,0,0,0,False,0,0,0,0,0.0,False,False,False
10,13,54,False,0,0,0,False,0,0,0,False,0,0,0,False,0,0,0,0,0.0,False,False,False
10,13,55,False,0,0,0,False,0,0,0,False,0,0,0,False,0,0,0,0,0.0,False,False,False
10,13,56,False,0,0,0,False,0,0,0,False,0,0,0,False,0,0,0,0,0.0,False,False,False
10,13,57,False,0,0,0,False,0,0,0,False,0,0,0,False,0,0,0,0,0.0,False,False,False
10,13,58,False,0,0,0,False,0,0,0,False,0,0,0,False,0,0,0,0,0.0,False,False,False
10,13,59,False,0,0,0,False,0,0,0,False,0,0,0,False,0,0,0,0,0.0,False,False,False
10,13,60,False,0,0,0,False,0,0,0,False,0,0,0,False,0,0,0,0,0.0,False,False,False
10,13,61,False,0,0,0,False,0,0,0,False,0,0,0,False,0,0,0,0,0.0,False,False,False
10,13,62,False,0,0,0,False,0,0,0,False,0,0,0,False,0,0,0,0,0.0,False,False,False
10,13,63,False,0,0,0,False,0,0,0,False,0,0,0,False,0,0,0,0,0.0,False,False,False
10,13,64,False,0,0,0,False,0,0,0,False,0,0,0,False,0,0,0,0,0.0,False,False,False
10,13,65,False,0,0,0,False,0,0,0,False,0,0,0,False,0,0,0,0,0.0,False,False,False
10,13,66,False,0,0,0,False,0,0,0,False,0,0,0,False,0,0,0,0,0.0,False,False,False
10,13,67,False,0,0,0,False,0,0,0,False,0,0,0,False,0,0,0,0,0.0,False,False,False
10,13,68,False,0,0,0,False,0,0,0,False,0,0,0,False,0,0,0,0,0.0,False,False,False
10,13,69,False,0,0,0,False,0,0,0,False,0,0,0,False,0,0,0,0,0.0,False,False,False
10,13,70,False,0,0,0,False,0,0,0,False,0,0,0,False,0,0,0,0,0.0,False,False,False
10,13,71,False,0,0,0,False,0,0,0,False,0,0,0,False,0,0,0,0,0.0,False,False,False
10,13,72,False,0,0,0,False,0,0,0,False,0,0,0,False,0,0,0,0,0.0,False,False,False
10,13,73,False,0,0,0,False,0,0,0,False,0,0,0,False,0,0,0,0,0.0,False,False,False
10,13,74,False,0,0,0,False,0,0,0,False,0,0,0,False,0,0,0,0,0.0,False,False,True
10,13,75,False,0,0,0,False,0,0,0,False,0,0,0,False,0,0,0,0,0.0,False,False,False
10,13,76,False,0,0,0,False,0,0,0,False,0,0,0,False,0,0,0,0,0.0,False,False,False
10,13,77,False,0,0,0,False,0,0,0,False,0,0,0,False,0,0,0,0,0.0,False,False,False
10,13,78,False,0,0,0,False,0,0,0,False,0,0,0,False,0,0,0,0,0.0,False,False,False
10,13,79,False,0,0,0,False,0,0,0,False,0,0,0,False,0,0,0,0,0.0,False,False,False
10,13,80,False,0,0,0,False,0,0,0,False,0,0,0,False,0,0,0,0,0.0,False,False,False
10,13,81,False,0,0,0,False,0,0,0,False,0,0,0,False,0,0,0,0,0.0,False,False,False
10,13,82,False,0,0,0,False,0,0,0,False,0,0,0,False,0,0,0,0,0.0,False,False,False
10,13,83,False,0,0,0,False,0,0,0,False,0,0,0,False,0,0,0,0,0.0,False,False,False
10,13,84,False,0,0,0,False,0,0,0,False,0,0,0,False,0,0,0,0,0.0,False,False,False
10,13,85,False,0,0,0,False,0,0,0,False,0,0,0,False,0,0,0,0,0.0,False,False,False
10,13,86,False,0,0,0,False,0,0,0,False,0,0,0,False,0,0,0,0,0.0,False,False,False
10,13,87,False,0,0,0,False,0,0,0,False,0,0,0,False,0,0,0,0,0.0,False,False,False
10,13,88,False,0,0,0,False,0,0,0,False,0,0,0,False,0,0,0,0,0.0,False,False,False
10,13,89,False,0,0,0,False,0,0,0,False,0,0,0,False,0,0,0,0,0.0,False,False,False
10,13,90,False,0,0,0,False,0,0,0,False,0,0,0,False,0,0,0,0,0.0,False,False,False
10,13,91,False,0,0,0,False,0,0,0,False,0,0,0,False,0,0,0,0,0.0,False,False,False
10,13,92,False,0,0,0,False,0,0,0,False,0,0,0,False,0,0,0,0,0.0,False,False,False
10,13,93,False,0,0,0,False,0,0,0,False,0,0,0,False,0,0,0,0,0.0,False,False,False
10,13,94,False,0,0,0,False,0,0,0,False,0,0,0,False,0,0,0,0,0.0,False,False,False
10,13,95,False,0,0,0,False,0,0,0,False,0,0,0,False,0,0,0,0,0.0,False,False,False
10,13,96,False,0,0,0,False,0,0,0,False,0,0,0,False,0,0,0,0,0.0,False,False,False
10,13,97,False,0,0,0,False,0,0,0,False,0,0,0,False,0,0,0,0,0.0,False,False,False
10,13,98,False,0,0,0,False,0,0,0,False,0,0,0,False,0,0,0,0,0.0,False,False,False
10,13,99,False,0,0,0,False,0,0,0,False,0,0,0,False,0,0,0,0,0.0,False,False,False
10,13,100,False,0,0,0,False,0,0,0,False,0,0,0,False,0,0,0,0,0.0,False,False,False
10,13,101,False,0,0,0,False,0,0,0,False,0,0,0,False,0,0,0,0,0.0,False,False,False
10,13,102,False,0,0,0,False,0,0,0,False,0,0,0,False,0,0,0,0,0.0,False,False,False
10,13,103,False,0,0,0,False,0,0,0,False,0,0,0,False,0,0,0,0,0.0,False,False,False
10,13,104,False,0,0,0,False,0,0,0,False,0,0,0,False,0,0,0,0,0.0,False,False,False
10,13,105,False,0,0,0,False,0,0,0,False,0,0,0,False,0,0,0,0,0.0,False,False,False
10,13,106,False,0,0,0,False,0,0,0,False,0,0,0,False,0,0,0,0,0.0,False,False,False
10,13,107,False,0,0,0,False,0,0,0,False,0,0,0,False,0,0,0,0,0.0,False,False,False
10,13,108,False,0,0,0,False,0,0,0,False,0,0,0,False,0,0,0,0,0.0,False,False,False
10,13,109,False,0,0,0,False,0,0,0,False,0,0,0,False,0,0,0,0,0.0,False,False,False
10,13,110,False,0,0,0,False,0,0,0,False,0,0,0,False,0,0,0,0,0.0,False,False,False
10,13,111,False,0,0,0,False,0,0,0,False,0,0,0,False,0,0,0,0,0.0,False,False,False
10,13,112,False,0,0,0,False,0,0,0,False,0,0,0,False,0,0,0,0,0.0,False,False,False
10,13,113,False,0,0,0,False,0,0,0,False,0,0,0,False,0,0,0,0,0.0,False,False,False
10,13,114,False,0,0,0,False,0,0,0,False,0,0,0,False,0,0,0,0,0.0,False,False,False
10,13,115,False,0,0,0,False,0,0,0,False,0,0,0,False,0,0,0,0,0.0,False,False,False
10,13,116,False,0,0,0,False,0,0,0,False,0,0,0,False,0,0,0,0,0.0,False,False,False
10,13,117,False,0,0,0,False,0,0,0,False,0,0,0,False,0,0,0,0,0.0,False,False,False
10,13,118,False,0,0,0,False,0,0,0,False,0,0,0,False,0,0,0,0,0.0,False,False,False
10,13,119,False,0,0,0,False,0,0,0,False,0,0,0,False,0,0,0,0,0.0,False,False,False
10,13,120,False,0,0,0,False,0,0,0,False,0,0,0,False,0,0,0,0,0.0,False,False,False
10,347,1,False,0,0,0,False,0,0,0,False,0,0,0,False,0,0,0,0.0,0.0,False,False,False
10,347,2,False,0,0,0,False,0,0,0,False,0,0,0,False,0,0,0,0.0,0.0,False,False,False
10,347,3,False,0,0,0,False,0,0,0,False,0,0,0,False,0,0,0,0.0,0.0,False,False,False
10,347,4,False,0,0,0,False,0,0,0,False,0,0,0,False,0,0,0,0.0,0.0,False,False,False
10,347,5,False,0,0,0,False,0,0,0,False,0,0,0,False,0,0,0,0.0,0.0,False,False,False
10,347,6,False,0,0,0,False,0,0,0,False,0,0,0,False,0,0,0,0.0,0.0,False,False,False
10,347,7,False,0,0,0,False,0,0,0,False,0,0,0,False,0,0,0,0.0,0.0,False,False,False
10,347,8,False,0,0,0,False,0,0,0,False,0,0,0,False,0,0,0,0.0,0.0,False,False,False
10,347,9,False,0,0,0,False,0,0,0,False,0,0,0,False,0,0,0,0.0,0.0,False,False,False
10,347,10,False,0,0,0,False,0,0,0,False,0,0,0,False,0,0,0,0.0,0.0,False,False,False
10,347,11,False,0,0,0,False,0,0,0,False,0,0,0,False,0,0,0,0.0,0.0,False,False,False
10,347,12,False,0,0,0,False,0,0,0,False,0,0,0,False,0,0,0,0.0,0.0,False,False,False
10,347,13,False,0,0,0,False,0,0,0,False,0,0,0,False,0,0,0,0.0,0.0,False,False,False
10,347,14,False,0,0,0,False,0,0,0,False,0,0,0,False,0,0,0,0.0,0.0,False,False,False
10,347,15,False,0,0,0,False,0,0,0,False,0,0,0,False,0,0,0,0.0,0.0,False,False,False
10,347,16,False,0,0,0,False,0,0,0,False,0,0,0,False,0,0,0,0.0,0.0,False,False,False
10,347,17,False,0,0,0,False,0,0,0,False,0,0,0,False,0,0,0,0.0,0.0,False,False,False
10,347,18,False,0,0,0,False,0,0,0,False,0,0,0,False,0,0,0,0.0,0.0,False,False,False
10,347,19,False,0,0,0,False,0,0,0,False,0,0,0,False,0,0,0,0.0,0.0,False,False,False
10,348,1,False,0,0,0,False,0,0,0,False,0,0,0,False,0,0,0,0.0,0.0,False,False,False
10,348,2,False,0,0,0,False,0,0,0,False,0,0,0,False,0,0,0,18.720001220703125,0.0,False,False,False
10,348,3,False,0,0,0,False,0,0,0,False,0,0,0,False,0,0,0,18.720001220703125,0.0,False,False,False
10,348,4,False,0,0,0,False,0,0,0,False,0,0,0,False,0,0,0,18.71999740600586,0.0,False,False,False
10,349,1,False,0,0,0,False,0,0,0,False,0,0,0,False,0,0,0,2.0999984741210938,0.0,False,False,False
10,349,2,False,0,0,0,False,0,0,0,False,0,0,0,False,0,0,0,2.0,0.0,False,False,False
10,349,3,False,0,0,0,False,0,0,0,False,0,0,0,False,0,0,0,0.745697021484375,0,False,False,False
10,349,4,False,0,0,0,False,0,0,0,False,0,0,0,False,0,0,0,0.0,0.0,False,False,False
10,349,5,False,0,0,0,False,0,0,0,False,0,0,0,False,0,0,0,0.0,0.0,False,False,False
10,349,6,False,0,0,0,False,0,0,0,False,0,0,0,False,0,0,0,0.0,0.0,False,False,False
10,349,7,False,0,0,0,False,0,0,0,False,0,0,0,False,0,0,0,0.0,0.0,False,False,False
10,349,8,False,0,0,0,False,0,0,0,False,0,0,0,False,0,0,0,0.0,0.0,False,False,False
10,349,9,False,0,0,0,False,0,0,0,False,0,0,0,False,0,0,0,0.0,0.0,False,False,False
10,349,10,False,0,0,0,False,0,0,0,False,0,0,0,False,0,0,0,0.0,0.0,False,False,False
10,349,11,False,0,0,0,False,0,0,0,False,0,0,0,False,0,0,0,0.0,0.0,False,False,False
10,349,12,False,0,0,0,False,0,0,0,False,0,0,0,False,0,0,0,0.0,0.0,False,False,False
10,349,13,False,0,0,0,False,0,0,0,False,0,0,0,False,0,0,0,0.0,0.0,False,False,False
10,349,14,False,0,0,0,False,0,0,0,False,0,0,0,False,0,0,0,0.0,0.0,False,False,False
10,349,15,False,0,0,0,False,0,0,0,False,0,0,0,False,0,0,0,0.0,0.0,False,False,False
10,349,16,False,0,0,0,False,0,0,0,False,0,0,0,False,0,0,0,0.0,0.0,False,False,False
10,349,17,False,0,0,0,False,0,0,0,False,0,0,0,False,0,0,0,0.0,0.0,False,False,False
10,349,18,False,0,0,0,False,0,0,0,False,0,0,0,False,0,0,0,0.0,0.0,False,False,False
10,349,19,False,0,0,0,False,0,0,0,False,0,0,0,False,0,0,0,0.0,0.0,False,False,False
10,349,20,False,0,0,0,False,0,0,0,False,0,0,0,False,0,0,0,0.0,0.0,False,False,False
10,349,21,False,0,0,0,False,0,0,0,False,0,0,0,False,0,0,0,0.09999847412109375,9.999999747378752e-05,False,False,False
10,349,22,False,0,0,0,False,0,0,0,False,0,0,0,False,0,0,0,0.0,0.0,False,False,False
10,349,23,False,0,0,0,False,0,0,0,False,0,0,0,False,0,0,0,0.0,0.0,False,False,False
10,349,24,False,0,0,0,False,0,0,0,False,0,0,0,False,0,0,0,0.0,0.0,False,False,False
10,349,25,False,0,0,0,False,0,0,0,False,0,0,0,False,0,0,0,0.0,0.0,False,False,False
10,349,26,False,0,0,0,False,0,0,0,False,0,0,0,False,0,0,0,0.0,0.0,False,False,False
10,349,27,False,0,0,0,False,0,0,0,False,0,0,0,False,0,0,0,0.0,0.0,False,False,False
10,349,28,False,0,0,0,False,0,0,0,False,0,0,0,False,0,0,0,0.0,0.0,False,False,False
10,349,29,False,0,0,0,False,0,0,0,False,0,0,0,False,0,0,0,0.0,0.0,False,False,False
10,349,30,False,0,0,0,False,0,0,0,False,0,0,0,False,0,0,0,0.0,0.0,False,False,True
10,349,31,False,0,0,0,False,0,0,0,False,0,0,0,False,0,0,0,0.0,0.0,False,False,False
10,349,32,False,0,0,0,False,0,0,0,False,0,0,0,False,0,0,0,0.0,0.0,False,False,False
10,349,33,False,0,0,0,False,0,0,0,False,0,0,0,False,0,0,0,0.0,0.0,False,False,False
10,349,34,False,0,0,0,False,0,0,0,False,0,0,0,False,0,0,0,0.0,0.0,False,False,False
10,349,35,False,0,0,0,False,0,0,0,False,0,0,0,False,0,0,0,0.0,0.0,False,False,False
10,349,36,False,0,0,0,False,0,0,0,False,0,0,0,False,0,0,0,0.0,0.0,False,False,False
10,349,37,False,0,0,0,False,0,0,0,False,0,0,0,False,0,0,0,0.0,0.0,False,False,False
10,349,38,False,0,0,0,False,0,0,0,False,0,0,0,False,0,0,0,0.0,0.0,False,False,False
10,349,39,False,0,0,0,False,0,0,0,False,0,0,0,False,0,0,0,0.0,0.0,False,False,False
10,349,40,False,0,0,0,False,0,0,0,False,0,0,0,False,0,0,0,0.0,0.0,False,False,False
10,50,1,False,0,0,0,False,0,0,0,False,0,0,0,False,0,0,0,1.2848663330078125,0.0,False,False,False
10,50,2,False,0,0,0,False,0,0,0,False,0,0,0,False,0,0,0,1.8404617309570312,0.0,False,False,False
10,50,3,False,0,0,0,False,0,0,0,False,0,0,0,False,0,0,0,1.8474044799804688,0.0,False,False,False
10,50,4,True,3.8278799057006836,-9.833869934082031,7.160884992983483,True,3.8278799057006836,-5.3702392578125,7.486658232119225,False,0,0,0,False,0,0,0,1.305694580078125,0.0,False,False,False
10,50,5,True,3.8278799057006836,-9.201927185058594,7.229601519014977,True,3.8278799057006836,-5.1135406494140625,7.5574284957911,False,0,0,0,False,0,0,0,1.4238204956054688,0.0,False,False,False
10,50,6,True,3.8278799057006836,-8.561763763427734,7.246505873110436,True,3.8278799057006836,-4.850677490234375,7.5735465454126825,False,0,0,0,False,0,0,0,1.3720703125,0.0,False,False,False
10,50,7,True,3.8278799057006836,-8.597339630126953,7.178368227389001,True,3.8278799057006836,-4.894317626953125,7.53198494186654,False,0,0,0,False,0,0,0,1.32708740234375,0.0,False,False,False
10,50,8,True,2.7342000007629395,-7.901485443115234,7.168591635134362,True,2.7342000007629395,-4.94659423828125,7.4706107543970575,False,0,0,0,False,0,0,0,1.2888717651367188,0.0,False,False,False
10,50,9,True,2.7342000007629395,-7.9547119140625,7.073704855349206,True,2.7342000007629395,-5.007713317871094,7.394671575930261,False,0,0,0,False,0,0,0,0.957427978515625,0.0,False,False,False
10,50,10,True,2.7342000007629395,-8.015068054199219,6.96335758438363,True,2.7342000007629395,-5.075405120849609,7.305147306826257,False,0,0,0,False,0,0,0,0.9327545166015625,0.0,False,False,False
10,50,11,True,2.7342000007629395,-8.080451965332031,6.837344782259606,True,2.7342000007629395,-5.146465301513672,7.202504293825768,False,0,0,0,False,0,0,0,0.9148483276367188,0.0,False,False,False
10,50,12,True,2.7342000007629395,-8.14895248413086,6.699720995333337,True,2.7342000007629395,-5.217838287353516,7.0893217491175164,False,0,0,0,False,0,0,0,0.9037094116210938,0.0,False,False,False
10,50,13,True,2.7342000007629395,-8.219249725341797,6.5602199005152215,True,2.7342000007629395,-5.287235260009766,6.971618788149499,False,0,0,0,False,0,0,0,0.8993377685546875,0.0,False,False,False
10,50,14,True,2.7342000007629395,-8.290641784667969,6.434775488283776,True,2.7342000007629395,-5.3532867431640625,6.8589774536158075,False,0,0,0,False,0,0,0,0.9017372131347656,0.0,False,False,False
10,50,15,True,2.7342000007629395,-8.362213134765625,6.340515272524499,True,2.7342000007629395,-5.415367126464844,6.76373018493905,False,0,0,0,False,0,0,0,0.9109077453613281,0.0,False,False,False
10,50,16,True,2.7342000007629395,-8.429271697998047,6.150242941286706,True,2.7342000007629395,-5.48773193359375,6.610739843752526,False,0,0,0,False,0,0,0,0.9268417358398438,0.0,False,False,False
10,50,17,True,2.7342000007629395,-8.509712219238281,5.763387339022302,True,2.7342000007629395,-5.578765869140625,6.323280947115563,False,0,0,0,False,0,0,0,0.9495506286621094,0.0,False,False,False
10,50,18,False,0,0,0,False,0,0,0,False,0,0,0,False,0,0,0,0.9790306091308594,0.0,False,False,False
10,50,19,False,0,0,0,False,0,0,0,False,0,0,0,False,0,0,0,1.0152740478515625,0.0,False,False,False
10,50,20,False,0,0,0,False,0,0,0,False,0,0,0,False,0,0,0,1.0582847595214844,0.0,False,False,False
10,50,21,False,0,0,0,False,0,0,0,False,0,0,0,False,0,0,0,1.0767555236816406,0.0,False,False,False
10,50,22,False,0,0,0,False,0,0,0,False,0,0,0,False,0,0,0,1.0604782104492188,0.0,False,False,False
10,50,23,False,0,0,0,False,0,0,0,False,0,0,0,False,0,0,0,1.0356674194335938,0.0,False,False,False
10,50,24,False,0,0,0,False,0,0,0,False,0,0,0,False,0,0,0,1.0023307800292969,0.0,False,False,False
10,50,25,False,0,0,0,False,0,0,0,False,0,0,0,False,0,0,0,0.9604530334472656,0.0,False,False,False
10,50,26,False,0,0,0,False,0,0,0,False,0,0,0,False,0,0,0,0.9100494384765625,0.0,False,False,False
10,50,27,False,0,0,0,False,0,0,0,False,0,0,0,False,0,0,0,0.851104736328125,0.0,False,False,False
10,50,28,False,0,0,0,False,0,0,0,False,0,0,0,False,0,0,0,0.7836418151855469,0.0,False,False,False
10,50,29,False,0,0,0,False,0,0,0,False,0,0,0,False,0,0,0,0.7076301574707031,0.0,False,False,False
10,50,30,False,0,0,0,False,0,0,0,False,0,0,0,False,0,0,0,0.6230926513671875,0.0,False,False,False
10,50,31,False,0,0,0,False,0,0,0,False,0,0,0,False,0,0,0,0.5300254821777344,0.0,False,False,False
10,50,32,False,0,0,0,False,0,0,0,False,0,0,0,False,0,0,0,0.4284248352050781,0.0,False,False,False
10,50,33,False,0,0,0,False,0,0,0,False,0,0,0,False,0,0,0,0.31829071044921875,0.0,False,False,False
10,50,34,False,0,0,0,False,0,0,0,False,0,0,0,False,0,0,0,0.19961929321289062,0.0,False,False,False
10,50,35,False,0,0,0,False,0,0,0,False,0,0,0,False,0,0,0,0.07242202758789062,0.0,False,False,False
10,50,36,False,0,0,0,False,0,0,0,False,0,0,0,False,0,0,0,0.002086639404296875,0.0,True,False,False
10,50,37,False,0,0,0,False,0,0,0,False,0,0,0,False,0,0,0,-0.002986907958984375,0.0,True,False,False
10,50,38,False,0,0,0,False,0,0,0,False,0,0,0,False,0,0,0,-0.00403594970703125,0.0,True,False,False
10,50,39,False,0,0,0,False,0,0,0,False,0,0,0,False,0,0,0,-0.001041412353515625,0.0,True,False,False
10,56,1,False,0,0,0,False,0,0,0,False,0,0,0,False,0,0,0,0.0,0.0,False,False,False
10,56,2,False,0,0,0,False,0,0,0,False,0,0,0,False,0,0,0,0.0,0.0,False,False,False
10,56,3,False,0,0,0,False,0,0,0,False,0,0,0,False,0,0,0,0.0,0.0,False,False,False
10,56,4,False,0,0,0,False,0,0,0,False,0,0,0,False,0,0,0,0.0,0.0,False,False,False
10,56,5,True,5.0777997970581055,-3.843353271484375,4.748212950136804,True,5.0777997970581055,-3.843353271484375,4.748212950136804,True,3.515399932861328,-3.8260574340820312,4.713018553164147,True,3.124799966812134,0.46717071533203125,8.189525740053796,0.0,0.0,False,False,False
10,56,6,True,5.0777997970581055,-5.709205627441406,10.785613195803307,True,5.0777997970581055,-5.709205627441406,10.785613195803307,True,3.515399932861328,-5.721107482910156,10.771140234377526,True,3.124799966812134,0.4196929931640625,9.352102415468835,0.0,0.0,False,False,False
10,56,7,True,5.0777997970581055,-1.7366867065429688,16.293009893801354,True,5.0777997970581055,-1.7366867065429688,16.293009893801354,True,3.515399932861328,-1.8225631713867188,16.270686285402917,True,3.124799966812134,1.0330352783203125,10.220949308779382,0.0,0.0,False,False,False
10,56,8,True,5.0777997970581055,4.508415222167969,16.12602915039315,True,5.0777997970581055,4.508415222167969,16.12602915039315,True,3.515399932861328,4.417106628417969,16.179621832277917,True,3.124799966812134,1.7765960693359375,10.302697317507409,0.0,0.0,False,False,False
10,56,9,True,5.0777997970581055,4.682594299316406,15.321838514711999,True,5.0777997970581055,4.682594299316406,15.321838514711999,True,3.515399932861328,4.595619201660156,15.381248609926843,True,3.124799966812134,1.7896270751953125,10.211376325991296,0.0,0.0,False,False,False
10,56,10,True,5.0777997970581055,3.9987869262695312,14.602910177614831,True,5.0777997970581055,3.9987869262695312,14.602910177614831,True,3.515399932861328,3.9313507080078125,14.686003820803307,True,3.124799966812134,1.5689849853515625,10.218533651735925,0.0,0.0,False,False,False
10,56,11,True,5.0777997970581055,3.1214218139648438,14.133320944216393,True,5.0777997970581055,3.1214218139648438,14.133320944216393,True,3.515399932861328,3.0615768432617188,14.218700544741296,True,3.124799966812134,1.3507308959960938,10.197133200075768,0.0,0.0,False,False,False
10,56,12,False,0,0,0,False,0,0,0,False,0,0,0,False,0,0,0,0.0,0.0,False,False,False
10,56,13,False,0,0,0,False,0,0,0,False,0,0,0,False,0,0,0,0.0,0.0,False,False,False
10,56,14,False,0,0,0,False,0,0,0,False,0,0,0,False,0,0,0,0.0,0.0,False,False,False
10,56,15,False,0,0,0,False,0,0,0,False,0,0,0,False,0,0,0,0.0,0.0,False,False,False
10,56,16,False,0,0,0,False,0,0,0,False,0,0,0,False,0,0,0,0.0,0.0,False,False,False
10,56,17,False,0,0,0,False,0,0,0,False,0,0,0,False,0,0,0,0.0,0.0,False,False,False
10,56,18,False,0,0,0,False,0,0,0,False,0,0,0,False,0,0,0,0.0,0.0,False,False,False
10,56,19,False,0,0,0,False,0,0,0,False,0,0,0,False,0,0,0,0.0,0.0,False,False,False
10,56,20,False,0,0,0,False,0,0,0,False,0,0,0,False,0,0,0,0.0,0.0,False,False,False
10,56,21,False,0,0,0,False,0,0,0,False,0,0,0,False,0,0,0,0.0,0.0,False,False,False
10,56,22,False,0,0,0,False,0,0,0,False,0,0,0,False,0,0,0,0.0,0.0,False,False,False
10,56,23,False,0,0,0,False,0,0,0,False,0,0,0,False,0,0,0,0.0,0.0,True,False,False
10,350,1,False,0,0,0,False,0,0,0,False,0,0,0,False,0,0,0,0,0.0,False,False,False
10,350,2,False,0,0,0,False,0,0,0,False,0,0,0,False,0,0,0,0,0.0,False,False,False
10,350,3,False,0,0,0,False,0,0,0,False,0,0,0,False,0,0,0,0,0.0,False,False,False
10,350,4,False,0,0,0,False,0,0,0,False,0,0,0,False,0,0,0,0,0.0,False,False,False
10,350,5,False,0,0,0,False,0,0,0,False,0,0,0,False,0,0,0,0,0.0,False,False,False
10,350,6,False,0,0,0,False,0,0,0,False,0,0,0,False,0,0,0,0,0.0,False,False,False
10,350,7,False,0,0,0,False,0,0,0,False,0,0,0,False,0,0,0,0,0.0,False,False,False
10,350,8,False,0,0,0,False,0,0,0,False,0,0,0,False,0,0,0,0,0.0,False,False,False
10,350,9,False,0,0,0,False,0,0,0,False,0,0,0,False,0,0,0,0,0.0,False,False,False
10,350,10,False,0,0,0,False,0,0,0,False,0,0,0,False,0,0,0,0,0.0,False,False,False
10,350,11,False,0,0,0,False,0,0,0,False,0,0,0,False,0,0,0,0,0.0,False,False,False
10,350,12,False,0,0,0,False,0,0,0,False,0,0,0,False,0,0,0,0,0.0,False,False,False
10,350,13,False,0,0,0,False,0,0,0,False,0,0,0,False,0,0,0,0,0.0,False,False,False
10,350,14,False,0,0,0,False,0,0,0,False,0,0,0,False,0,0,0,0,0.0,False,False,False
10,350,15,False,0,0,0,False,0,0,0,False,0,0,0,False,0,0,0,0,0.0,False,False,False
10,350,16,False,0,0,0,False,0,0,0,False,0,0,0,False,0,0,0,0,0,False,False,False
10,350,17,False,0,0,0,False,0,0,0,False,0,0,0,False,0,0,0,0,0,False,False,False
10,350,18,False,0,0,0,False,0,0,0,False,0,0,0,False,0,0,0,0,0,False,False,False
10,350,19,False,0,0,0,False,0,0,0,False,0,0,0,False,0,0,0,0,0,False,False,False
10,351,1,False,0,0,0,False,0,0,0,False,0,0,0,False,0,0,0,0,0.0,False,False,False
10,351,2,False,0,0,0,False,0,0,0,False,0,0,0,False,0,0,0,0,0.0,False,False,False
10,351,3,False,0,0,0,False,0,0,0,False,0,0,0,False,0,0,0,0,0.0,False,False,False
10,351,4,False,0,0,0,False,0,0,0,False,0,0,0,False,0,0,0,0,0.0,False,False,False
10,352,1,False,0,0,0,False,0,0,0,False,0,0,0,False,0,0,0,0,0.0,False,False,False
10,352,2,False,0,0,0,False,0,0,0,False,0,0,0,False,0,0,0,0,0.0,False,False,False
10,352,3,False,0,0,0,False,0,0,0,False,0,0,0,False,0,0,0,0,0.0,False,False,False
10,352,4,False,0,0,0,False,0,0,0,False,0,0,0,False,0,0,0,0,0.0,False,False,False
10,352,5,False,0,0,0,False,0,0,0,False,0,0,0,False,0,0,0,0,0.0,False,False,False
10,352,6,False,0,0,0,False,0,0,0,False,0,0,0,False,0,0,0,0,0,False,False,False
10,352,7,False,0,0,0,False,0,0,0,False,0,0,0,False,0,0,0,0,0,False,False,False
10,352,8,False,0,0,0,False,0,0,0,False,0,0,0,False,0,0,0,0,0,False,False,False
10,352,9,False,0,0,0,False,0,0,0,False,0,0,0,False,0,0,0,0,0,False,False,False
10,352,10,False,0,0,0,False,0,0,0,False,0,0,0,False,0,0,0,0,0,False,False,False
10,352,11,False,0,0,0,False,0,0,0,False,0,0,0,False,0,0,0,0,0,False,False,False
10,352,12,False,0,0,0,False,0,0,0,False,0,0,0,False,0,0,0,0,0,False,False,False
10,352,13,False,0,0,0,False,0,0,0,False,0,0,0,False,0,0,0,0,0,False,False,False
10,352,14,False,0,0,0,False,0,0,0,False,0,0,0,False,0,0,0,0,0,False,False,False
10,352,15,False,0,0,0,False,0,0,0,False,0,0,0,False,0,0,0,0,0,False,False,False
10,352,16,False,0,0,0,False,0,0,0,False,0,0,0,False,0,0,0,0,0,False,False,False
10,352,17,False,0,0,0,False,0,0,0,False,0,0,0,False,0,0,0,0,0,False,False,False
10,352,18,False,0,0,0,False,0,0,0,False,0,0,0,False,0,0,0,0,0,False,False,False
10,352,19,False,0,0,0,False,0,0,0,False,0,0,0,False,0,0,0,0,0,False,False,False
10,352,20,False,0,0,0,False,0,0,0,False,0,0,0,False,0,0,0,0,0,False,False,False
10,352,21,False,0,0,0,False,0,0,0,False,0,0,0,False,0,0,0,0,0,False,False,False
10,352,22,False,0,0,0,False,0,0,0,False,0,0,0,False,0,0,0,0,0,False,False,False
10,352,23,False,0,0,0,False,0,0,0,False,0,0,0,False,0,0,0,0,0,False,False,False
10,352,24,False,0,0,0,False,0,0,0,False,0,0,0,False,0,0,0,0,0,False,False,False
10,352,25,False,0,0,0,False,0,0,0,False,0,0,0,False,0,0,0,0,0,False,False,False
10,68,1,False,0,0,0,False,0,0,0,False,0,0,0,False,0,0,0,0,2.989999771118164,False,False,False
10,68,2,False,0,0,0,False,0,0,0,False,0,0,0,False,0,0,0,0,2.7599992752075195,False,False,False
10,68,3,False,0,0,0,False,0,0,0,False,0,0,0,False,0,0,0,0,2.530000686645508,False,False,False
10,68,4,False,0,0,0,False,0,0,0,False,0,0,0,False,0,0,0,0,2.299999237060547,False,False,False
10,68,5,False,0,0,0,False,0,0,0,False,0,0,0,False,0,0,0,0,2.0699996948242188,False,False,False
10,68,6,False,0,0,0,False,0,0,0,False,0,0,0,False,0,0,0,0,1.8400001525878906,False,False,False
10,68,7,False,0,0,0,False,0,0,0,False,0,0,0,False,0,0,0,0,1.6100006103515625,False,False,False
10,68,8,True,4.296599864959717,-3.7242431640625,12.49870491027832,True,4.296599864959717,-5.039405822753906,13.521993637084961,True,4.296599864959717,-2.0693893432617188,12.781137466430664,False,0,0,0,0,1.3799991607666016,False,False,False
10,68,9,True,4.296599864959717,-0.0294189453125,15.770977020263672,True,4.296599864959717,-0.18132781982421875,18.004505157470703,True,4.296599864959717,0.7710342407226562,14.050556182861328,False,0,0,0,0,1.1499996185302734,False,False,False
10,68,10,False,0,0,0,False,0,0,0,False,0,0,0,False,0,0,0,0,0.9200000762939453,False,False,False
10,68,11,True,3.659921884536743,-1.2238540649414062,12.274971008300781,True,4.882499694824219,-1.668060302734375,14.418254852294922,True,4.882499694824219,0.6105880737304688,8.892524719238281,False,0,0,0,0,0.6900005340576172,False,False,False
10,68,12,True,3.659921884536743,-0.29903411865234375,13.18978500366211,True,4.882499694824219,0.06711578369140625,15.685447692871094,True,4.882499694824219,0.65960693359375,9.082588195800781,False,0,0,0,0,0.45999908447265625,False,False,False
10,68,13,True,3.659921884536743,0.28639984130859375,13.07242202758789,True,4.882499694824219,1.1261825561523438,14.867687225341797,True,4.882499694824219,0.6484832763671875,9.097702026367188,False,0,0,0,0,0.22999954223632812,False,False,False
10,68,14,True,3.659921884536743,0.5160064697265625,12.479442596435547,True,4.882499694824219,1.4862442016601562,13.011547088623047,True,4.882499694824219,0.5842819213867188,9.020599365234375,False,0,0,0,0,0.0,False,False,False
10,68,15,False,0,0,0,False,0,0,0,False,0,0,0,False,0,0,0,0,0,False,False,False
10,68,16,False,0,0,0,False,0,0,0,False,0,0,0,False,0,0,0,0,0,False,False,False
10,68,17,False,0,0,0,False,0,0,0,False,0,0,0,False,0,0,0,0,0,False,False,False
10,68,18,False,0,0,0,False,0,0,0,False,0,0,0,False,0,0,0,0,0,False,False,False
10,68,19,False,0,0,0,False,0,0,0,False,0,0,0,False,0,0,0,0,0,False,False,False
10,68,20,False,0,0,0,False,0,0,0,False,0,0,0,False,0,0,0,0,0,False,False,False
10,68,21,False,0,0,0,False,0,0,0,False,0,0,0,False,0,0,0,0,0,False,False,False
10,68,22,False,0,0,0,False,0,0,0,False,0,0,0,False,0,0,0,0,0,False,False,False
10,68,23,False,0,0,0,False,0,0,0,False,0,0,0,False,0,0,0,0,0,False,False,False
10,68,24,False,0,0,0,False,0,0,0,False,0,0,0,False,0,0,0,0,0,False,False,False
10,68,25,False,0,0,0,False,0,0,0,False,0,0,0,False,0,0,0,0,0,False,False,False
10,68,26,False,0,0,0,False,0,0,0,False,0,0,0,False,0,0,0,0,0,False,False,False
10,68,27,False,0,0,0,False,0,0,0,False,0,0,0,False,0,0,0,0,0,False,False,False
10,68,28,False,0,0,0,False,0,0,0,False,0,0,0,False,0,0,0,0,0,False,False,False
10,68,29,False,0,0,0,False,0,0,0,False,0,0,0,False,0,0,0,0,0,False,False,False
10,68,30,False,0,0,0,False,0,0,0,False,0,0,0,False,0,0,0,0,0,False,False,False
10,68,31,False,0,0,0,False,0,0,0,False,0,0,0,False,0,0,0,0,0,False,False,False
10,68,32,False,0,0,0,False,0,0,0,False,0,0,0,False,0,0,0,0,0,False,False,False
10,16,8,False,0,0,0,False,0,0,0,False,0,0,0,False,0,0,0,0.7464714050292969,0.0,False,False,False
10,16,9,False,0,0,0,False,0,0,0,False,0,0,0,False,0,0,0,0.8264884948730469,0.0,False,False,False
10,16,10,False,0,0,0,False,0,0,0,False,0,0,0,False,0,0,0,0.8990058898925781,0.0,False,False,False
10,16,11,False,0,0,0,False,0,0,0,False,0,0,0,False,0,0,0,0.9647235870361328,0.0,False,False,False
10,16,13,False,0,0,0,False,0,0,0,False,0,0,0,False,0,0,0,1.0242805480957031,0.0,False,False,False
10,16,15,False,0,0,0,False,0,0,0,False,0,0,0,False,0,0,0,1.0782546997070312,0.0,False,False,False
10,16,16,False,0,0,0,False,0,0,0,False,0,0,0,False,0,0,0,1.1271686553955078,0.0,False,False,False
10,16,18,False,0,0,0,False,0,0,0,False,0,0,0,False,0,0,0,1.1714954376220703,0.0,False,False,False
10,16,20,False,0,0,0,False,0,0,0,False,0,0,0,False,0,0,0,1.2116680145263672,0.0,False,False,False
10,16,22,False,0,0,0,False,0,0,0,False,0,0,0,False,0,0,0,1.2480735778808594,0.0,False,False,False
10,16,24,False,0,0,0,False,0,0,0,False,0,0,0,False,0,0,0,1.28106689453125,0.0,False,False,False
10,53,1,False,0,0,0,False,0,0,0,False,0,0,0,False,0,0,0,1.3048744201660156,0.0,False,False,False
10,53,2,False,0,0,0,False,0,0,0,False,0,0,0,False,0,0,0,1.2248764038085938,0.0,False,False,False
10,53,3,False,0,0,0,False,0,0,0,False,0,0,0,False,0,0,0,1.1448745727539062,0.0,False,False,False
10,183,1,False,0,0,0,False,0,0,0,False,0,0,0,False,0,0,0,0,0,False,False,False
10,16,7,False,0,0,0,False,0,0,0,False,0,0,0,False,0,0,0,0.7462539672851562,0.0,False,False,True
10,191,1,False,0,0,0,False,0,0,0,False,0,0,0,False,0,0,0,0,0,False,False,False
10,191,2,False,0,0,0,False,0,0,0,False,0,0,0,False,0,0,0,0,0,False,False,False
10,191,3,False,0,0,0,False,0,0,0,False,0,0,0,False,0,0,0,0,0,False,False,False
10,191,4,False,0,0,0,False,0,0,0,False,0,0,0,False,0,0,0,0,0,False,False,False
10,191,5,False,0,0,0,False,0,0,0,False,0,0,0,False,0,0,0,0,0,False,False,False
10,191,6,False,0,0,0,False,0,0,0,False,0,0,0,False,0,0,0,0,0,False,False,False
10,191,7,False,0,0,0,False,0,0,0,False,0,0,0,False,0,0,0,0,0,False,False,False
10,191,8,False,0,0,0,False,0,0,0,False,0,0,0,False,0,0,0,0,0,False,False,False
10,191,9,False,0,0,0,False,0,0,0,False,0,0,0,False,0,0,0,0,0,False,False,False
10,191,10,False,0,0,0,False,0,0,0,False,0,0,0,False,0,0,0,0,0,False,False,False
10,191,11,False,0,0,0,False,0,0,0,False,0,0,0,False,0,0,0,0,0,False,False,False
10,191,12,False,0,0,0,False,0,0,0,False,0,0,0,False,0,0,0,0,0,False,False,False
10,191,13,False,0,0,0,False,0,0,0,False,0,0,0,False,0,0,0,0,0,False,False,False
10,191,14,False,0,0,0,False,0,0,0,False,0,0,0,False,0,0,0,0,0,False,False,False
10,191,15,False,0,0,0,False,0,0,0,False,0,0,0,False,0,0,0,0,0,False,False,False
10,191,16,False,0,0,0,False,0,0,0,False,0,0,0,False,0,0,0,0,0,False,False,False
10,191,17,False,0,0,0,False,0,0,0,False,0,0,0,False,0,0,0,0,0,False,False,False
10,191,18,False,0,0,0,False,0,0,0,False,0,0,0,False,0,0,0,0,0,False,False,False
10,191,19,False,0,0,0,False,0,0,0,False,0,0,0,False,0,0,0,0,0,False,False,False
10,191,20,False,0,0,0,False,0,0,0,False,0,0,0,False,0,0,0,0,0,False,False,False
10,191,21,False,0,0,0,False,0,0,0,False,0,0,0,False,0,0,0,0,0,False,False,False
10,191,22,False,0,0,0,False,0,0,0,False,0,0,0,False,0,0,0,0,0,False,False,False
10,191,23,False,0,0,0,False,0,0,0,False,0,0,0,False,0,0,0,0,0,False,False,False
10,191,24,False,0,0,0,False,0,0,0,False,0,0,0,False,0,0,0,0,0,False,False,False
10,191,25,False,0,0,0,False,0,0,0,False,0,0,0,False,0,0,0,0,0,False,False,False
10,191,26,False,0,0,0,False,0,0,0,False,0,0,0,False,0,0,0,0,0,False,False,False
10,195,1,False,0,0,0,False,0,0,0,False,0,0,0,False,0,0,0,0.0,0.0,False,False,False
10,195,2,False,0,0,0,False,0,0,0,False,0,0,0,False,0,0,0,0.0,0.0,False,False,False
10,195,3,False,0,0,0,False,0,0,0,False,0,0,0,False,0,0,0,0.0,0.0,False,False,False
10,195,4,False,0,0,0,False,0,0,0,False,0,0,0,False,0,0,0,0.0,0.0,False,False,False
10,195,5,False,0,0,0,False,0,0,0,False,0,0,0,False,0,0,0,0.0,0.0,False,False,False
10,195,6,False,0,0,0,False,0,0,0,False,0,0,0,False,0,0,0,0.0,0.0,False,False,False
10,195,7,False,0,0,0,False,0,0,0,False,0,0,0,False,0,0,0,0.0,0.0,False,False,False
10,195,8,False,0,0,0,False,0,0,0,False,0,0,0,False,0,0,0,0.0,0.0,False,False,False
10,195,9,False,0,0,0,False,0,0,0,False,0,0,0,False,0,0,0,0.0,0.0,False,False,False
10,195,10,False,0,0,0,False,0,0,0,False,0,0,0,False,0,0,0,0.0,0.0,False,False,False
10,195,11,False,0,0,0,False,0,0,0,False,0,0,0,False,0,0,0,0.0,0.0,False,False,False
10,195,12,False,0,0,0,False,0,0,0,False,0,0,0,False,0,0,0,0.0,0.0,False,False,False
10,195,13,False,0,0,0,False,0,0,0,False,0,0,0,False,0,0,0,0.0,0.0,False,False,False
10,195,14,False,0,0,0,False,0,0,0,False,0,0,0,False,0,0,0,0.0,0.0,False,False,False
10,195,15,False,0,0,0,False,0,0,0,False,0,0,0,False,0,0,0,0.0,0.0,False,False,False
10,195,16,False,0,0,0,False,0,0,0,False,0,0,0,False,0,0,0,0.0,0.0,False,False,False
10,195,17,False,0,0,0,False,0,0,0,False,0,0,0,False,0,0,0,0.0,0.0,False,False,False
10,195,18,False,0,0,0,False,0,0,0,False,0,0,0,False,0,0,0,0.0,0.0,False,False,False
10,195,19,True,6.249599933624268,-8.137905597686768,7.537288801577233,True,3.9059998989105225,-5.662605285644531,7.116418974306725,True,3.9059998989105225,-1.9201173782348633,6.0673586296106805,False,0,0,0,0.0,0.0,False,False,False
10,195,20,True,6.249599933624268,-10.714438199996948,8.934991018679284,True,3.9059998989105225,-7.048336505889893,7.994905607607507,True,3.9059998989105225,-1.9200000762939453,6.066516535189294,False,0,0,0,0.0,0.0,False,False,False
10,195,21,False,0,0,0,False,0,0,0,False,0,0,0,False,0,0,0,0.0,0.0,False,False,False
10,195,22,False,0,0,0,False,0,0,0,False,0,0,0,False,0,0,0,0.0,0.0,False,False,False
10,195,23,False,0,0,0,False,0,0,0,False,0,0,0,False,0,0,0,0.0,0.0,False,False,False
10,195,24,False,0,0,0,False,0,0,0,False,0,0,0,False,0,0,0,0.0,0.0,False,False,False
10,195,25,True,6.249599933624268,9.963007926940918,6.282600061800622,True,3.9059998989105225,6.318243980407715,5.197235243227624,True,3.9059998989105225,0.9600000381469727,2.995969908144616,False,0,0,0,0.0,0.0,False,False,False
10,195,26,True,6.249599933624268,9.018847465515137,6.297881739046716,True,3.9059998989105225,5.799439430236816,5.276600973513268,True,3.9059998989105225,1.0537900924682617,2.986878292467736,False,0,0,0,0.0,0.0,False,False,False
10,195,27,False,0,0,0,False,0,0,0,False,0,0,0,False,0,0,0,0.0,0.0,False,False,False
10,195,28,False,0,0,0,False,0,0,0,False,0,0,0,False,0,0,0,0.0,0.0,False,False,False
10,195,29,False,0,0,0,False,0,0,0,False,0,0,0,False,0,0,0,0.0,0.0,False,False,False
10,195,30,False,0,0,0,False,0,0,0,False,0,0,0,False,0,0,0,0.0,0.0,False,False,False
10,195,31,False,0,0,0,False,0,0,0,False,0,0,0,False,0,0,0,0.0,0.0,False,False,False
10,195,32,False,0,0,0,False,0,0,0,False,0,0,0,False,0,0,0,0.0,0.0,False,False,False
10,195,33,False,0,0,0,False,0,0,0,False,0,0,0,False,0,0,0,0.0,0.0,False,False,False
10,195,34,False,0,0,0,False,0,0,0,False,0,0,0,False,0,0,0,0.0,0.0,False,False,False
10,195,35,False,0,0,0,False,0,0,0,False,0,0,0,False,0,0,0,0.0,0.0,False,False,False
10,195,36,False,0,0,0,False,0,0,0,False,0,0,0,False,0,0,0,0.0,0.0,False,False,False
10,195,37,False,0,0,0,False,0,0,0,False,0,0,0,False,0,0,0,0.0,0.0,False,False,False
10,195,38,False,0,0,0,False,0,0,0,False,0,0,0,False,0,0,0,0.0,0.0,False,False,False
10,195,39,False,0,0,0,False,0,0,0,False,0,0,0,False,0,0,0,0.0,0.0,False,False,False
10,195,40,False,0,0,0,False,0,0,0,False,0,0,0,False,0,0,0,0.0,0.0,False,False,False
10,195,41,False,0,0,0,False,0,0,0,False,0,0,0,False,0,0,0,0.0,0.0,False,False,False
10,195,42,False,0,0,0,False,0,0,0,False,0,0,0,False,0,0,0,0.0,0.0,False,False,False
10,195,43,False,0,0,0,False,0,0,0,False,0,0,0,False,0,0,0,0.0,0.0,False,False,False
10,195,44,False,0,0,0,False,0,0,0,False,0,0,0,False,0,0,0,0.0,0.0,False,False,False
10,195,45,False,0,0,0,False,0,0,0,False,0,0,0,False,0,0,0,0.0,0.0,False,False,False
10,195,46,False,0,0,0,False,0,0,0,False,0,0,0,False,0,0,0,0.0,0.0,False,False,False
10,195,47,False,0,0,0,False,0,0,0,False,0,0,0,False,0,0,0,0.0,0.0,False,False,False
10,195,48,False,0,0,0,False,0,0,0,False,0,0,0,False,0,0,0,0.0,0.0,False,False,False
10,195,49,False,0,0,0,False,0,0,0,False,0,0,0,False,0,0,0,0.0,0.0,False,False,False
10,365,1,True,7.99948787689209,0.0341033935546875,7.591009140014648,False,0,0,0,False,0,0,0,False,0,0,0,0,0.0,False,False,False
10,365,2,False,0,0,0,False,0,0,0,False,0,0,0,False,0,0,0,0,0.0,False,False,False
10,365,3,False,0,0,0,False,0,0,0,False,0,0,0,False,0,0,0,0,0.0,False,False,False
10,366,1,False,0,0,0,False,0,0,0,False,0,0,0,False,0,0,0,0,0.0,False,False,False
10,366,2,False,0,0,0,False,0,0,0,False,0,0,0,False,0,0,0,0,0,False,False,False
10,366,3,False,0,0,0,False,0,0,0,False,0,0,0,False,0,0,0,0,0,False,False,False
10,366,4,False,0,0,0,False,0,0,0,False,0,0,0,False,0,0,0,0,0,False,False,False
10,366,5,False,0,0,0,False,0,0,0,False,0,0,0,False,0,0,0,0,0,False,False,False
10,366,6,False,0,0,0,False,0,0,0,False,0,0,0,False,0,0,0,0,0,False,False,False
10,366,7,False,0,0,0,False,0,0,0,False,0,0,0,False,0,0,0,0,0,False,False,False
10,369,1,False,0,0,0,False,0,0,0,False,0,0,0,False,0,0,0,0,0,False,False,False
10,369,2,False,0,0,0,False,0,0,0,False,0,0,0,False,0,0,0,0,0,False,False,False
10,366,8,False,0,0,0,False,0,0,0,False,0,0,0,False,0,0,0,0,0,False,False,False
10,368,1,False,0,0,0,False,0,0,0,False,0,0,0,False,0,0,0,0,0,False,False,False
10,368,2,False,0,0,0,False,0,0,0,False,0,0,0,False,0,0,0,0,0,False,False,False
10,368,3,False,0,0,0,False,0,0,0,False,0,0,0,False,0,0,0,0,0,False,False,False
10,368,4,False,0,0,0,False,0,0,0,False,0,0,0,False,0,0,0,0,0,False,False,False
10,368,5,False,0,0,0,False,0,0,0,False,0,0,0,False,0,0,0,0,0,False,False,False
10,368,6,False,0,0,0,False,0,0,0,False,0,0,0,False,0,0,0,0,0,False,False,False
10,368,7,False,0,0,0,False,0,0,0,False,0,0,0,False,0,0,0,0,0,False,False,False
10,368,8,False,0,0,0,False,0,0,0,False,0,0,0,False,0,0,0,0,0,False,False,False
10,368,9,False,0,0,0,False,0,0,0,False,0,0,0,False,0,0,0,0,0,False,False,False
10,368,10,False,0,0,0,False,0,0,0,False,0,0,0,False,0,0,0,0,0,False,False,False
10,368,11,False,0,0,0,False,0,0,0,False,0,0,0,False,0,0,0,0,0,False,False,False
10,368,12,False,0,0,0,False,0,0,0,False,0,0,0,False,0,0,0,0,0,False,False,False
10,368,13,False,0,0,0,False,0,0,0,False,0,0,0,False,0,0,0,0,0,False,False,False
10,368,14,False,0,0,0,False,0,0,0,False,0,0,0,False,0,0,0,0,0,False,False,False
10,368,15,False,0,0,0,False,0,0,0,False,0,0,0,False,0,0,0,0,0,False,False,False
10,368,16,False,0,0,0,False,0,0,0,False,0,0,0,False,0,0,0,0,0,False,False,False
10,368,17,False,0,0,0,False,0,0,0,False,0,0,0,False,0,0,0,0,0,False,False,False
10,368,18,False,0,0,0,False,0,0,0,False,0,0,0,False,0,0,0,0,0,False,False,False
10,354,1,False,0,0,0,False,0,0,0,False,0,0,0,False,0,0,0,0,0.0,False,False,False
10,354,2,False,0,0,0,False,0,0,0,False,0,0,0,False,0,0,0,0,0.0,False,False,False
10,354,3,False,0,0,0,False,0,0,0,False,0,0,0,False,0,0,0,0,0.0,False,False,False
10,354,4,False,0,0,0,False,0,0,0,False,0,0,0,False,0,0,0,0,0.0,False,False,False
10,354,5,False,0,0,0,False,0,0,0,False,0,0,0,False,0,0,0,0,0.0,False,False,False
10,354,6,False,0,0,0,False,0,0,0,False,0,0,0,False,0,0,0,0,0.0,False,False,False
10,354,7,False,0,0,0,False,0,0,0,False,0,0,0,False,0,0,0,0,0.0,False,False,False
10,354,8,False,0,0,0,False,0,0,0,False,0,0,0,False,0,0,0,0,0.0,False,False,False
10,354,9,False,0,0,0,False,0,0,0,False,0,0,0,False,0,0,0,0,0.0,False,False,False
10,354,10,False,0,0,0,False,0,0,0,False,0,0,0,False,0,0,0,0,0.0,False,False,False
10,354,11,False,0,0,0,False,0,0,0,False,0,0,0,False,0,0,0,0,0.0,False,False,False
10,354,12,False,0,0,0,False,0,0,0,False,0,0,0,False,0,0,0,0,0.0,False,False,False
10,354,13,False,0,0,0,False,0,0,0,False,0,0,0,False,0,0,0,0,0.0,False,False,False
10,354,14,False,0,0,0,False,0,0,0,False,0,0,0,False,0,0,0,0,0.0,False,False,False
10,354,15,False,0,0,0,False,0,0,0,False,0,0,0,False,0,0,0,0,0.0,False,False,False
10,354,16,False,0,0,0,False,0,0,0,False,0,0,0,False,0,0,0,0,0,False,False,False
10,354,17,False,0,0,0,False,0,0,0,False,0,0,0,False,0,0,0,0,0,False,False,False
10,354,18,False,0,0,0,False,0,0,0,False,0,0,0,False,0,0,0,0,0,False,False,False
10,354,19,False,0,0,0,False,0,0,0,False,0,0,0,False,0,0,0,0,0,False,False,False
10,354,20,True,8.20259952545166,0.0,7.4995198249816895,False,0,0,0,False,0,0,0,False,0,0,0,0,0,False,False,False
10,354,21,False,0,0,0,False,0,0,0,False,0,0,0,False,0,0,0,0,0,False,False,False
10,354,22,True,8.20259952545166,0.0,7.4995198249816895,False,0,0,0,False,0,0,0,False,0,0,0,0,0,False,False,False
10,354,23,False,0,0,0,False,0,0,0,False,0,0,0,False,0,0,0,0,0,False,False,False
10,354,24,True,8.20259952545166,0.0,7.4995198249816895,False,0,0,0,False,0,0,0,False,0,0,0,0,0,False,False,False
10,354,25,False,0,0,0,False,0,0,0,False,0,0,0,False,0,0,0,0,0,False,False,False
10,354,26,True,8.20259952545166,0.0,7.4995198249816895,False,0,0,0,False,0,0,0,False,0,0,0,0,0,False,False,False
10,354,27,False,0,0,0,False,0,0,0,False,0,0,0,False,0,0,0,0,0,False,False,False
10,354,28,True,8.20259952545166,0.0,7.4995198249816895,False,0,0,0,False,0,0,0,False,0,0,0,0,0,False,False,False
10,354,29,False,0,0,0,False,0,0,0,False,0,0,0,False,0,0,0,0,0,False,False,False
10,354,30,True,8.20259952545166,0.0,7.4995198249816895,False,0,0,0,False,0,0,0,False,0,0,0,0,0,False,False,False
10,354,31,False,0,0,0,False,0,0,0,False,0,0,0,False,0,0,0,0,0,False,False,False
10,354,32,True,8.20259952545166,0.0,7.4995198249816895,False,0,0,0,False,0,0,0,False,0,0,0,0,0,False,False,False
10,354,33,False,0,0,0,False,0,0,0,False,0,0,0,False,0,0,0,0,0,False,False,False
10,354,34,False,0,0,0,False,0,0,0,False,0,0,0,False,0,0,0,0,0,False,False,False
10,354,35,False,0,0,0,False,0,0,0,False,0,0,0,False,0,0,0,0,0,False,False,False
10,354,36,False,0,0,0,False,0,0,0,False,0,0,0,False,0,0,0,0,0,False,False,False
10,354,37,False,0,0,0,False,0,0,0,False,0,0,0,False,0,0,0,0,0,False,False,False
10,354,38,False,0,0,0,False,0,0,0,False,0,0,0,False,0,0,0,0,0,False,False,False
10,354,39,False,0,0,0,False,0,0,0,False,0,0,0,False,0,0,0,0,0,False,False,False
10,354,40,False,0,0,0,False,0,0,0,False,0,0,0,False,0,0,0,0,0,False,False,False
10,354,41,False,0,0,0,False,0,0,0,False,0,0,0,False,0,0,0,0,0,False,False,False
10,354,42,False,0,0,0,False,0,0,0,False,0,0,0,False,0,0,0,0,0,False,False,False
10,356,1,True,3.999743938446045,-4.72705078125,8.553679466247559,False,0,0,0,False,0,0,0,False,0,0,0,0,2.6870059967041016,False,False,False
10,356,2,True,3.999743938446045,-4.2867431640625,8.993998289108276,False,0,0,0,False,0,0,0,False,0,0,0,0,2.6870059967041016,False,False,False
10,356,3,True,3.999743938446045,-4.530975341796875,8.74976110458374,False,0,0,0,False,0,0,0,False,0,0,0,0,2.6870059967041016,False,False,False
10,356,4,True,3.999743938446045,-4.685005187988281,8.595719337463379,False,0,0,0,False,0,0,0,False,0,0,0,0,2.6870059967041016,False,False,False
10,356,5,True,3.999743938446045,-4.2803955078125,9.00034236907959,False,0,0,0,False,0,0,0,False,0,0,0,0,2.6870059967041016,False,False,False
10,356,6,True,3.999743938446045,-4.471397399902344,8.809342861175537,False,0,0,0,False,0,0,0,False,0,0,0,0,2.616295337677002,False,False,False
10,356,7,True,3.999743938446045,-4.736625671386719,8.544105052947998,False,0,0,0,False,0,0,0,False,0,0,0,0,2.5455846786499023,False,False,False
10,356,8,True,3.999743938446045,-4.430816650390625,8.849924087524414,False,0,0,0,False,0,0,0,False,0,0,0,0,2.4748740196228027,False,False,False
10,356,9,True,3.999743938446045,-4.2696990966796875,9.011037826538086,False,0,0,0,False,0,0,0,False,0,0,0,0,2.404163360595703,False,False,False
10,356,10,True,3.999743938446045,-4.5673980712890625,8.71333122253418,False,0,0,0,False,0,0,0,False,0,0,0,0,2.3334522247314453,False,False,False
10,356,11,True,3.999743938446045,-4.735565185546875,8.545169830322266,False,0,0,0,False,0,0,0,False,0,0,0,0,2.2627429962158203,False,False,False
10,356,12,True,3.999743938446045,-4.5108642578125,8.769866943359375,False,0,0,0,False,0,0,0,False,0,0,0,0,2.1920318603515625,False,False,False
10,356,13,True,3.999743938446045,-4.27191162109375,9.008827209472656,False,0,0,0,False,0,0,0,False,0,0,0,0,2.1213207244873047,False,False,False
10,356,14,True,3.999743938446045,-4.333168029785156,8.947565078735352,False,0,0,0,False,0,0,0,False,0,0,0,0,2.050609588623047,False,False,False
10,356,15,True,3.999743938446045,-4.57977294921875,8.70096206665039,False,0,0,0,False,0,0,0,False,0,0,0,0,1.979898452758789,False,False,False
10,356,16,True,3.999743938446045,-4.733673095703125,8.547063827514648,False,0,0,0,False,0,0,0,False,0,0,0,0,1.909189224243164,False,False,False
10,356,17,True,3.999743938446045,-4.677101135253906,8.603631973266602,False,0,0,0,False,0,0,0,False,0,0,0,0,1.8384780883789062,False,False,False
10,356,18,True,3.999743938446045,-4.492546081542969,8.788185119628906,False,0,0,0,False,0,0,0,False,0,0,0,0,1.7677669525146484,False,False,False
10,356,19,True,3.999743938446045,-4.3236083984375,8.957134246826172,False,0,0,0,False,0,0,0,False,0,0,0,0,1.6970558166503906,False,False,False
10,356,20,True,3.999743938446045,-4.256767272949219,9.023963928222656,False,0,0,0,False,0,0,0,False,0,0,0,0,1.6263465881347656,False,False,False
10,356,21,True,3.999743938446045,-4.2967071533203125,8.98403549194336,False,0,0,0,False,0,0,0,False,0,0,0,0,1.5556373596191406,False,False,False
10,356,22,True,3.999743938446045,-4.400459289550781,8.88027572631836,False,0,0,0,False,0,0,0,False,0,0,0,0,1.48492431640625,False,False,False
10,356,23,True,3.999743938446045,-4.518653869628906,8.762077331542969,False,0,0,0,False,0,0,0,False,0,0,0,0,1.414215087890625,False,False,False
10,356,24,True,3.999743938446045,-4.618141174316406,8.662601470947266,False,0,0,0,False,0,0,0,False,0,0,0,0,1.3435020446777344,False,False,False
10,356,25,True,3.999743938446045,-4.6857757568359375,8.594955444335938,False,0,0,0,False,0,0,0,False,0,0,0,0,1.2727928161621094,False,False,False
10,356,26,True,3.999743938446045,-4.7227783203125,8.55795669555664,False,0,0,0,False,0,0,0,False,0,0,0,0,1.2020835876464844,False,False,False
10,356,27,True,3.999743938446045,-4.737129211425781,8.54361343383789,False,0,0,0,False,0,0,0,False,0,0,0,0,1.1313705444335938,False,False,False
10,356,28,True,3.999743938446045,-4.7381439208984375,8.542594909667969,False,0,0,0,False,0,0,0,False,0,0,0,0,1.0606613159179688,False,False,False
10,356,29,True,3.999743938446045,-4.733665466308594,8.547080993652344,False,0,0,0,False,0,0,0,False,0,0,0,0,0.9899482727050781,False,False,False
10,356,30,True,3.999743938446045,-4.7290191650390625,8.551712036132812,False,0,0,0,False,0,0,0,False,0,0,0,0,0.9192390441894531,False,False,False
10,358,1,False,0,0,0,False,0,0,0,False,0,0,0,False,0,0,0,0,0.689239501953125,False,False,False
10,358,2,False,0,0,0,False,0,0,0,False,0,0,0,False,0,0,0,0,0.4592399597167969,False,False,False
10,358,3,False,0,0,0,False,0,0,0,False,0,0,0,False,0,0,0,0,0.22924041748046875,False,False,False
10,358,4,False,0,0,0,False,0,0,0,False,0,0,0,False,0,0,0,0,0,False,False,False
10,358,5,False,0,0,0,False,0,0,0,False,0,0,0,False,0,0,0,0,0,False,False,False
10,358,6,False,0,0,0,False,0,0,0,False,0,0,0,False,0,0,0,0,0,False,False,False
10,358,7,False,0,0,0,False,0,0,0,False,0,0,0,False,0,0,0,0,0,False,False,False
10,358,8,False,0,0,0,False,0,0,0,False,0,0,0,False,0,0,0,0,0,False,False,False
10,358,9,False,0,0,0,False,0,0,0,False,0,0,0,False,0,0,0,0,0,False,False,False
10,358,10,False,0,0,0,False,0,0,0,False,0,0,0,False,0,0,0,0,0,False,False,False
10,358,11,False,0,0,0,False,0,0,0,False,0,0,0,False,0,0,0,0,0,False,False,False
10,358,12,False,0,0,0,False,0,0,0,False,0,0,0,False,0,0,0,0,0,False,False,False
10,358,13,False,0,0,0,False,0,0,0,False,0,0,0,False,0,0,0,0,0,False,False,False
10,358,14,False,0,0,0,False,0,0,0,False,0,0,0,False,0,0,0,0,0,False,False,False
10,358,15,False,0,0,0,False,0,0,0,False,0,0,0,False,0,0,0,0,0,False,False,False
10,358,16,False,0,0,0,False,0,0,0,False,0,0,0,False,0,0,0,0,0,False,False,False
10,358,17,False,0,0,0,False,0,0,0,False,0,0,0,False,0,0,0,0,0,False,False,False
10,358,18,False,0,0,0,False,0,0,0,False,0,0,0,False,0,0,0,0,0,False,False,False
10,358,19,False,0,0,0,False,0,0,0,False,0,0,0,False,0,0,0,0,0,False,False,False
10,357,14,False,0,0,0,False,0,0,0,False,0,0,0,False,0,0,0,0.529998779296875,0,False,False,False
10,357,15,False,0,0,0,False,0,0,0,False,0,0,0,False,0,0,0,-0.0,0.0,False,False,False
10,357,16,False,0,0,0,False,0,0,0,False,0,0,0,False,0,0,0,-0.0,0.0,False,False,False
10,357,17,False,0,0,0,False,0,0,0,False,0,0,0,False,0,0,0,-0.0,0.0,False,False,False
10,357,18,False,0,0,0,False,0,0,0,False,0,0,0,False,0,0,0,-0.0,0.0,False,False,False
10,357,19,False,0,0,0,False,0,0,0,False,0,0,0,False,0,0,0,-0.0,0.0,False,False,False
10,67,1,False,0,0,0,False,0,0,0,False,0,0,0,False,0,0,0,0,0,False,False,False
10,67,2,False,0,0,0,False,0,0,0,False,0,0,0,False,0,0,0,0,0,False,False,False
10,67,3,False,0,0,0,False,0,0,0,False,0,0,0,False,0,0,0,0,0,False,False,False
10,67,4,True,3.659921884536743,0.0076751708984375,7.974440574645996,True,4.991868019104004,8.0433349609375,9.587135314941406,True,3.327911853790283,-2.662952423095703,4.19603157043457,False,0,0,0,0,0,False,False,False
10,67,5,True,3.659921884536743,0.009784698486328125,7.976210355758667,True,4.991868019104004,8.050559997558594,9.564074277877808,True,3.327911853790283,-2.8017807006835938,4.157012224197388,False,0,0,0,0,0,False,False,False
10,67,6,True,3.659921884536743,0.011951446533203125,7.978029727935791,True,4.991868019104004,8.062267303466797,9.50591230392456,True,3.327911853790283,-2.8745880126953125,4.169524669647217,False,0,0,0,0,0,False,False,False
10,67,7,True,3.659921884536743,0.014171600341796875,7.979892015457153,True,4.991868019104004,8.071266174316406,9.431467771530151,True,3.327911853790283,-2.9315414428710938,4.186696290969849,False,0,0,0,0,0,False,False,False
10,366,9,False,0,0,0,False,0,0,0,False,0,0,0,False,0,0,0,0,0,False,False,False
10,366,10,False,0,0,0,False,0,0,0,False,0,0,0,False,0,0,0,0,0,False,False,False
10,68,33,False,0,0,0,False,0,0,0,False,0,0,0,False,0,0,0,0,0,False,False,False
10,68,34,False,0,0,0,False,0,0,0,False,0,0,0,False,0,0,0,0,0,False,False,False
10,68,35,False,0,0,0,False,0,0,0,False,0,0,0,False,0,0,0,0,0,False,False,False
10,68,36,False,0,0,0,False,0,0,0,False,0,0,0,False,0,0,0,0,0,True,False,False
10,68,37,False,0,0,0,False,0,0,0,False,0,0,0,False,0,0,0,0,0,True,False,False
10,68,38,False,0,0,0,False,0,0,0,False,0,0,0,False,0,0,0,0,0,True,False,False
10,68,39,False,0,0,0,False,0,0,0,False,0,0,0,False,0,0,0,0,0,True,False,False
10,53,4,False,0,0,0,False,0,0,0,False,0,0,0,False,0,0,0,0.1430339813232422,0.0,False,False,False
10,53,5,True,2.7342000007629395,-1.3973369598388672,5.274455206301354,True,3.124799966812134,-4.333612442016602,7.072502748873376,True,2.343600034713745,-3.163125991821289,7.680188314821862,False,0,0,0,-0.23696517944335938,0.0,False,False,False
10,53,6,True,2.7342000007629395,-16.586698532104492,8.63224996795907,True,3.124799966812134,-11.066339492797852,8.65217127075448,True,2.343600034713745,-6.951562881469727,8.639953749086999,False,0,0,0,-0.0,0.0,False,False,False
10,53,7,True,2.7342000007629395,-16.78847312927246,8.708593504336022,True,3.124799966812134,-11.173768997192383,8.745062963869714,True,2.343600034713745,-7.016439437866211,8.740718977358483,False,0,0,0,-0.0,0.0,False,False,False
10,53,8,True,2.7342000007629395,-16.677000045776367,8.814149038698815,True,3.124799966812134,-10.989328384399414,8.805425779726647,True,2.343600034713745,-6.79979133605957,8.779589788820886,False,0,0,0,-0.0,0.0,False,False,False
10,53,9,False,0,0,0,False,0,0,0,False,0,0,0,False,0,0,0,-0.0,0.0,False,False,False
10,53,10,False,0,0,0,False,0,0,0,False,0,0,0,False,0,0,0,-0.0,0.0,False,False,False
10,53,11,False,0,0,0,False,0,0,0,False,0,0,0,False,0,0,0,-0.0,0.0,False,False,False
10,53,12,False,0,0,0,False,0,0,0,False,0,0,0,False,0,0,0,-0.0,0.0,False,False,False
10,53,13,False,0,0,0,False,0,0,0,False,0,0,0,False,0,0,0,-0.0,0.0,False,False,False
10,53,14,False,0,0,0,False,0,0,0,False,0,0,0,False,0,0,0,-0.0,0.0,False,False,False
10,53,15,False,0,0,0,False,0,0,0,False,0,0,0,False,0,0,0,-0.0,0.0,False,False,False
10,53,16,False,0,0,0,False,0,0,0,False,0,0,0,False,0,0,0,-0.0,0.0,False,False,False
10,53,17,False,0,0,0,False,0,0,0,False,0,0,0,False,0,0,0,-0.0,0.0,False,False,False
10,53,18,False,0,0,0,False,0,0,0,False,0,0,0,False,0,0,0,-0.0,0.0,False,False,False
10,53,19,False,0,0,0,False,0,0,0,False,0,0,0,False,0,0,0,-0.0,0.0,False,False,False
10,53,20,False,0,0,0,False,0,0,0,False,0,0,0,False,0,0,0,-0.0,0.0,False,False,False
10,53,21,False,0,0,0,False,0,0,0,False,0,0,0,False,0,0,0,-0.0,0.0,False,False,False
10,53,22,False,0,0,0,False,0,0,0,False,0,0,0,False,0,0,0,-0.0,0.0,False,False,False
10,53,23,False,0,0,0,False,0,0,0,False,0,0,0,False,0,0,0,-0.0,0.0,False,False,False
10,53,24,False,0,0,0,False,0,0,0,False,0,0,0,False,0,0,0,-0.0,0.0,False,False,False
10,53,25,False,0,0,0,False,0,0,0,False,0,0,0,False,0,0,0,-0.0,0.0,False,False,False
10,53,26,False,0,0,0,False,0,0,0,False,0,0,0,False,0,0,0,-0.0,0.0,False,False,False
10,67,8,True,3.327911853790283,0.0164337158203125,7.981792211532593,True,3.991931915283203,7.9073944091796875,9.393376111984253,True,3.327911853790283,-2.973541259765625,4.201758146286011,False,0,0,0,0,0,False,False,False
10,67,9,True,3.327911853790283,0.01873016357421875,7.983719825744629,True,3.991931915283203,7.7065582275390625,9.233842372894287,True,3.327911853790283,-2.9994277954101562,4.207787275314331,False,0,0,0,0,0,False,False,False
10,67,10,True,3.327911853790283,0.02105712890625,7.985669851303101,True,3.991931915283203,7.466712951660156,9.095555067062378,True,3.327911853790283,-3.0062942504882812,4.197913646697998,False,0,0,0,0,0,False,False,False
10,60,1,False,0,0,0,False,0,0,0,False,0,0,0,False,0,0,0,5.340576171875e-05,0.0,False,False,False
10,60,2,False,0,0,0,False,0,0,0,False,0,0,0,False,0,0,0,0.0001220703125,0.0,False,False,False
10,60,3,False,0,0,0,False,0,0,0,False,0,0,0,False,0,0,0,0.000152587890625,0.0,False,False,False
10,60,4,False,0,0,0,False,0,0,0,False,0,0,0,False,0,0,0,0.0001373291015625,0.0,False,False,False
10,60,5,False,0,0,0,False,0,0,0,False,0,0,0,False,0,0,0,8.392333984375e-05,0.0,False,False,False
10,60,6,False,0,0,0,False,0,0,0,False,0,0,0,False,0,0,0,-2.288818359375e-05,0.0,False,False,False
10,60,7,False,0,0,0,False,0,0,0,False,0,0,0,False,0,0,0,-0.0001678466796875,0.0,False,False,False
10,60,8,False,0,0,0,False,0,0,0,False,0,0,0,False,0,0,0,-0.00035858154296875,0.0,False,False,False
10,60,9,False,0,0,0,False,0,0,0,False,0,0,0,False,0,0,0,1.3425750732421875,0.0,False,False,False
10,60,10,False,0,0,0,False,0,0,0,False,0,0,0,False,0,0,0,1.3425750732421875,0.0,False,False,False
10,60,11,False,0,0,0,False,0,0,0,False,0,0,0,False,0,0,0,1.3425750732421875,0.0,False,False,False
10,60,12,True,3.515399932861328,9.910881042480469,13.902848379519128,True,3.124799966812134,7.852542877197266,10.32395567169442,True,2.343600034713745,6.516319274902344,7.88060964813485,False,0,0,0,1.3425750732421875,0.0,False,False,False
10,60,13,True,3.515399932861328,12.138687133789062,12.137118475344323,True,3.124799966812134,8.867298126220703,9.495510237124108,True,2.343600034713745,6.255409240722656,7.8598905967737664,False,0,0,0,1.3425750732421875,0.0,False,False,False
10,60,14,True,3.515399932861328,13.26949691772461,9.863296644594811,True,3.124799966812134,9.169517517089844,8.501263754274987,True,2.343600034713745,5.942901611328125,7.826299326326989,False,0,0,0,1.3425750732421875,0.0,False,False,False
10,60,15,True,3.515399932861328,13.551334381103516,7.759803907778405,True,3.124799966812134,9.05511474609375,7.574339525606774,True,2.343600034713745,5.578136444091797,7.779963152315759,False,0,0,0,0.9965324401855469,0.0,False,False,False
10,60,16,True,3.515399932861328,13.276805877685547,6.506726400759362,True,3.124799966812134,8.68460464477539,7.017035620119714,True,2.343600034713745,5.159908294677734,7.721008436586999,False,0,0,0,0.9965324401855469,0.0,False,False,False
10,60,17,True,3.515399932861328,12.839622497558594,5.931991236117028,True,3.124799966812134,8.226367950439453,6.753028528597497,True,2.343600034713745,4.686439514160156,7.64956249466195,False,0,0,0,0.9965324401855469,0.0,False,False,False
10,60,18,True,3.515399932861328,12.30538558959961,5.541125433352136,True,3.124799966812134,7.699131011962891,6.563715593722009,True,2.343600034713745,4.155345916748047,7.565752165224694,False,0,0,0,0.9965324401855469,0.0,False,False,False
10,60,19,True,3.515399932861328,11.687274932861328,5.195589201357507,True,3.124799966812134,7.106365203857422,6.392127649691247,True,2.343600034713745,3.5636367797851562,7.4697047637964715,False,0,0,0,0.9965324401855469,0.0,False,False,False
10,60,20,True,3.515399932861328,10.964244842529297,4.7860194610620965,True,3.124799966812134,6.439075469970703,6.194780485537194,True,2.343600034713745,2.907764434814453,7.361547129061364,False,0,0,0,0.9965324401855469,0.0,False,False,False
10,60,21,True,3.515399932861328,10.024063110351562,4.094463961031579,True,3.124799966812134,5.716987609863281,6.038538114931725,True,2.343600034713745,2.1836929321289062,7.241406099703454,False,0,0,0,0.9965324401855469,0.0,False,False,False
10,60,22,True,3.515399932861328,8.49566650390625,2.8966390060450067,True,3.124799966812134,4.92681884765625,5.877356665041589,True,2.343600034713745,1.3869819641113281,7.109408514406823,False,0,0,0,0.9965324401855469,0.0,False,False,False
10,60,23,False,0,0,0,False,0,0,0,False,0,0,0,False,0,0,0,0.9965324401855469,0.0,False,False,False
10,60,24,False,0,0,0,False,0,0,0,False,0,0,0,False,0,0,0,0.9965324401855469,0.0,False,False,False
10,60,25,False,0,0,0,False,0,0,0,False,0,0,0,False,0,0,0,0.9965324401855469,0.0,False,False,False
10,60,26,False,0,0,0,False,0,0,0,False,0,0,0,False,0,0,0,0.9965324401855469,0.0,False,False,False
10,60,27,False,0,0,0,False,0,0,0,False,0,0,0,False,0,0,0,0.9965324401855469,0.0,False,False,False
10,60,28,False,0,0,0,False,0,0,0,False,0,0,0,False,0,0,0,0.9965324401855469,0.0,False,False,False
10,60,29,False,0,0,0,False,0,0,0,False,0,0,0,False,0,0,0,0.9965324401855469,0.0,False,False,False
10,60,30,False,0,0,0,False,0,0,0,False,0,0,0,False,0,0,0,0.9965324401855469,0.0,False,False,False
10,60,31,False,0,0,0,False,0,0,0,False,0,0,0,False,0,0,0,0.0,0.0,False,False,False
10,60,32,False,0,0,0,False,0,0,0,False,0,0,0,False,0,0,0,0.0,0.0,False,False,False
10,60,33,False,0,0,0,False,0,0,0,False,0,0,0,False,0,0,0,0.0,0.0,False,False,False
10,60,34,False,0,0,0,False,0,0,0,False,0,0,0,False,0,0,0,0.0,0.0,False,False,False
10,60,35,False,0,0,0,False,0,0,0,False,0,0,0,False,0,0,0,0.0,0.0,False,False,False
10,60,36,False,0,0,0,False,0,0,0,False,0,0,0,False,0,0,0,0.0,0.0,False,False,False
10,60,37,False,0,0,0,False,0,0,0,False,0,0,0,False,0,0,0,0.0,0.0,False,False,False
10,60,38,False,0,0,0,False,0,0,0,False,0,0,0,False,0,0,0,0.0,0.0,False,False,False
10,60,39,False,0,0,0,False,0,0,0,False,0,0,0,False,0,0,0,0.0,0.0,False,False,False
10,44,1,False,0,0,0,False,0,0,0,False,0,0,0,False,0,0,0,-0.0,0.0,False,False,False
10,44,2,True,3.327911853790283,-5.48921012878418,5.972985880282067,True,3.327911853790283,-6.198574066162109,9.124152319338464,False,0,0,0,False,0,0,0,-0.0,0.0,False,False,False
10,44,3,True,3.327911853790283,-15.533727645874023,8.14850916137948,True,3.327911853790283,-8.998430252075195,7.764599935915612,False,0,0,0,False,0,0,0,-0.0,0.0,False,False,False
10,44,4,False,0,0,0,False,0,0,0,False,0,0,0,False,0,0,0,-0.0,0.0,False,False,False
10,44,5,False,0,0,0,False,0,0,0,False,0,0,0,False,0,0,0,-0.0,0.0,False,False,False
10,44,6,False,0,0,0,False,0,0,0,False,0,0,0,False,0,0,0,-0.0,0.0,False,False,False
10,44,7,False,0,0,0,False,0,0,0,False,0,0,0,False,0,0,0,-0.0,0.0,False,False,False
10,44,8,False,0,0,0,False,0,0,0,False,0,0,0,False,0,0,0,-0.0,0.0,False,False,False
10,44,9,False,0,0,0,False,0,0,0,False,0,0,0,False,0,0,0,-0.0,0.0,False,False,False
10,44,10,False,0,0,0,False,0,0,0,False,0,0,0,False,0,0,0,-0.0,0.0,False,False,False
10,44,11,False,0,0,0,False,0,0,0,False,0,0,0,False,0,0,0,-0.0,0.0,False,False,False
10,44,12,False,0,0,0,False,0,0,0,False,0,0,0,False,0,0,0,-0.0,0.0,False,False,False
10,44,13,False,0,0,0,False,0,0,0,False,0,0,0,False,0,0,0,-0.0,0.0,False,False,False
10,44,14,False,0,0,0,False,0,0,0,False,0,0,0,False,0,0,0,-0.0,0.0,False,False,False
10,44,15,False,0,0,0,False,0,0,0,False,0,0,0,False,0,0,0,-0.0,0.0,False,False,False
10,44,16,False,0,0,0,False,0,0,0,False,0,0,0,False,0,0,0,-0.0,0.0,True,False,False
10,44,17,False,0,0,0,False,0,0,0,False,0,0,0,False,0,0,0,-0.0,0.0,True,False,False
10,16,17,False,0,0,0,False,0,0,0,False,0,0,0,False,0,0,0,1.1597747802734375,0.0,False,False,False
10,16,19,False,0,0,0,False,0,0,0,False,0,0,0,False,0,0,0,1.2010498046875,0.0,False,False,False
10,16,21,False,0,0,0,False,0,0,0,False,0,0,0,False,0,0,0,1.2384490966796875,0.0,False,False,False
10,16,23,False,0,0,0,False,0,0,0,False,0,0,0,False,0,0,0,1.2723464965820312,0.0,False,False,False
10,16,25,False,0,0,0,False,0,0,0,False,0,0,0,False,0,0,0,1.3030624389648438,0.0,False,False,False
10,63,1,False,0,0,0,False,0,0,0,False,0,0,0,False,0,0,0,0.4262237548828125,0.0,False,False,False
10,63,2,False,0,0,0,False,0,0,0,False,0,0,0,False,0,0,0,0.346221923828125,0.0,False,False,False
10,63,3,False,0,0,0,False,0,0,0,False,0,0,0,False,0,0,0,0.02622222900390625,0.0,False,False,False
10,63,4,False,0,0,0,False,0,0,0,False,0,0,0,False,0,0,0,-0.0,0.0,False,False,False
10,63,5,False,0,0,0,False,0,0,0,False,0,0,0,False,0,0,0,-0.0,0.0,False,False,False
10,63,6,False,0,0,0,False,0,0,0,False,0,0,0,False,0,0,0,-0.0,0.0,False,False,False
10,63,7,True,3.327911853790283,-6.366451263427734,7.582464353945397,True,4.655951976776123,-5.970989227294922,5.38938822021737,False,0,0,0,False,0,0,0,-0.0,0.0,False,False,False
10,63,8,True,3.327911853790283,-7.195598602294922,11.128097669985436,True,4.655951976776123,-9.319099426269531,10.431436674502038,False,0,0,0,False,0,0,0,-0.0,0.0,False,False,False
10,63,9,True,3.327911853790283,-6.067558288574219,15.538837568667077,True,4.655951976776123,-8.28567886352539,15.798627035524987,False,0,0,0,False,0,0,0,-0.0,0.0,False,False,False
10,63,10,True,3.327911853790283,-3.1816749572753906,18.46488107910409,True,3.8278799057006836,-3.6617355346679688,20.646090643313073,False,0,0,0,False,0,0,0,-0.0,0.0,False,False,True
10,63,11,True,3.327911853790283,-0.025051116943359375,19.23357309570565,True,3.8278799057006836,0.9713020324707031,21.231104986574792,False,0,0,0,False,0,0,0,-0.0,0.0,False,False,False
10,63,12,True,3.327911853790283,2.4562034606933594,18.305636541750573,True,3.8278799057006836,4.184566497802734,19.722203390505456,False,0,0,0,False,0,0,0,-0.0,0.0,False,False,False
10,63,13,True,3.327911853790283,3.936328887939453,16.493044989016198,True,3.8278799057006836,6.015480041503906,17.30462373962655,False,0,0,0,False,0,0,0,-0.0,0.0,False,False,False
10,63,14,True,3.327911853790283,4.530765533447266,14.604474203493737,True,3.8278799057006836,6.741519927978516,14.902771131899499,False,0,0,0,False,0,0,0,-0.0,0.0,False,False,False
10,63,15,True,3.327911853790283,4.7178192138671875,13.02655805816903,True,3.8278799057006836,6.952323913574219,13.040143148806237,False,0,0,0,False,0,0,0,-0.0,0.0,False,False,False
10,63,16,True,3.327911853790283,4.6541595458984375,11.560275213625573,True,3.8278799057006836,6.881923675537109,11.385270254519128,False,0,0,0,False,0,0,0,-0.0,0.0,False,False,False
10,63,17,True,3.327911853790283,4.4236907958984375,10.16757311096444,True,3.8278799057006836,6.633327484130859,9.835224287417077,False,0,0,0,False,0,0,0,-0.0,0.0,False,False,False
10,63,18,False,0,0,0,False,0,0,0,False,0,0,0,False,0,0,0,-0.0,0.0,False,False,False
10,63,19,False,0,0,0,False,0,0,0,False,0,0,0,False,0,0,0,-0.0,0.0,False,False,False
10,63,20,False,0,0,0,False,0,0,0,False,0,0,0,False,0,0,0,-0.0,0.0,False,False,False
10,63,21,False,0,0,0,False,0,0,0,False,0,0,0,False,0,0,0,-0.0,0.0,False,False,False
10,63,22,False,0,0,0,False,0,0,0,False,0,0,0,False,0,0,0,-0.0,0.0,False,False,False
10,63,23,False,0,0,0,False,0,0,0,False,0,0,0,False,0,0,0,-0.0,0.0,False,False,False
10,63,24,False,0,0,0,False,0,0,0,False,0,0,0,False,0,0,0,-0.0,0.0,False,False,False
10,63,25,False,0,0,0,False,0,0,0,False,0,0,0,False,0,0,0,-0.0,0.0,False,False,False
10,63,26,False,0,0,0,False,0,0,0,False,0,0,0,False,0,0,0,-0.0,0.0,False,False,False
10,63,27,False,0,0,0,False,0,0,0,False,0,0,0,False,0,0,0,-0.0,0.0,False,False,False
10,63,28,False,0,0,0,False,0,0,0,False,0,0,0,False,0,0,0,-0.0,0.0,False,False,False
10,63,29,False,0,0,0,False,0,0,0,False,0,0,0,False,0,0,0,-0.0,0.0,False,False,False
10,63,30,False,0,0,0,False,0,0,0,False,0,0,0,False,0,0,0,-0.0,0.0,False,False,False
10,63,31,False,0,0,0,False,0,0,0,False,0,0,0,False,0,0,0,-0.0,0.0,False,False,False
10,63,32,False,0,0,0,False,0,0,0,False,0,0,0,False,0,0,0,-0.0,0.0,False,False,False
10,63,33,False,0,0,0,False,0,0,0,False,0,0,0,False,0,0,0,-0.0,0.0,False,False,False
10,63,34,False,0,0,0,False,0,0,0,False,0,0,0,False,0,0,0,-0.0,0.0,False,False,False
10,63,35,False,0,0,0,False,0,0,0,False,0,0,0,False,0,0,0,-0.0,0.0,False,False,False
10,63,36,False,0,0,0,False,0,0,0,False,0,0,0,False,0,0,0,-0.0,0.0,False,False,False
10,63,37,False,0,0,0,False,0,0,0,False,0,0,0,False,0,0,0,-0.0,0.0,False,False,False
10,63,38,False,0,0,0,False,0,0,0,False,0,0,0,False,0,0,0,-0.0,0.0,False,False,False
10,63,39,False,0,0,0,False,0,0,0,False,0,0,0,False,0,0,0,-0.0,0.0,False,False,False
10,63,40,False,0,0,0,False,0,0,0,False,0,0,0,False,0,0,0,-0.0,0.0,False,False,False
10,63,41,False,0,0,0,False,0,0,0,False,0,0,0,False,0,0,0,-0.0,0.0,False,False,False
10,366,11,False,0,0,0,False,0,0,0,False,0,0,0,False,0,0,0,0,0,False,False,False
10,366,12,False,0,0,0,False,0,0,0,False,0,0,0,False,0,0,0,0,0,False,False,False
10,366,13,False,0,0,0,False,0,0,0,False,0,0,0,False,0,0,0,0,0,False,False,False
10,366,14,False,0,0,0,False,0,0,0,False,0,0,0,False,0,0,0,0,0,False,False,False
10,366,15,False,0,0,0,False,0,0,0,False,0,0,0,False,0,0,0,0,0,False,False,False
10,366,16,False,0,0,0,False,0,0,0,False,0,0,0,False,0,0,0,0,0,False,False,False
10,366,17,False,0,0,0,False,0,0,0,False,0,0,0,False,0,0,0,0,0,False,False,False
10,366,18,False,0,0,0,False,0,0,0,False,0,0,0,False,0,0,0,0,0,False,False,False
10,368,19,False,0,0,0,False,0,0,0,False,0,0,0,False,0,0,0,0,0.0,False,False,False
10,368,20,False,0,0,0,False,0,0,0,False,0,0,0,False,0,0,0,0,0.0,False,False,False
10,368,21,False,0,0,0,False,0,0,0,False,0,0,0,False,0,0,0,0,0.0,False,False,False
10,368,22,False,0,0,0,False,0,0,0,False,0,0,0,False,0,0,0,0,0.0,False,False,False
10,368,23,False,0,0,0,False,0,0,0,False,0,0,0,False,0,0,0,0,0.0,False,False,False
10,368,24,False,0,0,0,False,0,0,0,False,0,0,0,False,0,0,0,0,0.0,False,False,False
10,368,25,False,0,0,0,False,0,0,0,False,0,0,0,False,0,0,0,0,0.0,False,False,False
10,368,26,False,0,0,0,False,0,0,0,False,0,0,0,False,0,0,0,0,0.0,False,False,False
10,368,27,False,0,0,0,False,0,0,0,False,0,0,0,False,0,0,0,0,0.0,False,False,False
10,368,28,False,0,0,0,False,0,0,0,False,0,0,0,False,0,0,0,0,0.0,False,False,False
10,368,29,False,0,0,0,False,0,0,0,False,0,0,0,False,0,0,0,0,0.0,False,False,False
10,368,30,False,0,0,0,False,0,0,0,False,0,0,0,False,0,0,0,0,0.0,False,False,False
10,368,31,False,0,0,0,False,0,0,0,False,0,0,0,False,0,0,0,0,0.0,False,False,False
10,368,32,False,0,0,0,False,0,0,0,False,0,0,0,False,0,0,0,0,0.0,False,False,False
10,368,33,False,0,0,0,False,0,0,0,False,0,0,0,False,0,0,0,0,0.0,False,False,False
10,368,34,False,0,0,0,False,0,0,0,False,0,0,0,False,0,0,0,0,0.0,False,False,False
10,368,35,False,0,0,0,False,0,0,0,False,0,0,0,False,0,0,0,0,0.0,False,False,False
10,368,36,False,0,0,0,False,0,0,0,False,0,0,0,False,0,0,0,0,0.0,False,False,False
10,368,37,False,0,0,0,False,0,0,0,False,0,0,0,False,0,0,0,0,0.0,False,False,False
10,368,38,False,0,0,0,False,0,0,0,False,0,0,0,False,0,0,0,0,0.0,False,False,False
10,368,39,False,0,0,0,False,0,0,0,False,0,0,0,False,0,0,0,0,0.0,False,False,False
10,368,40,False,0,0,0,False,0,0,0,False,0,0,0,False,0,0,0,0,0.0,False,False,False
10,368,41,False,0,0,0,False,0,0,0,False,0,0,0,False,0,0,0,0,0.0,False,False,False
10,368,42,False,0,0,0,False,0,0,0,False,0,0,0,False,0,0,0,0,0.0,False,False,False
10,368,43,False,0,0,0,False,0,0,0,False,0,0,0,False,0,0,0,0,0.0,False,False,False
10,368,44,False,0,0,0,False,0,0,0,False,0,0,0,False,0,0,0,0,0.0,False,False,False
10,368,45,False,0,0,0,False,0,0,0,False,0,0,0,False,0,0,0,0,0.0,False,False,False
10,368,46,False,0,0,0,False,0,0,0,False,0,0,0,False,0,0,0,0,0.0,False,False,False
10,368,47,False,0,0,0,False,0,0,0,False,0,0,0,False,0,0,0,0,0.0,False,False,False
10,368,48,False,0,0,0,False,0,0,0,False,0,0,0,False,0,0,0,0,0.0,False,False,False
10,368,49,False,0,0,0,False,0,0,0,False,0,0,0,False,0,0,0,0,0.0,False,False,False
10,368,50,False,0,0,0,False,0,0,0,False,0,0,0,False,0,0,0,0,0.0,False,False,False
10,368,51,False,0,0,0,False,0,0,0,False,0,0,0,False,0,0,0,0,0.0,False,False,False
10,368,52,False,0,0,0,False,0,0,0,False,0,0,0,False,0,0,0,0,0.0,False,False,False
10,368,53,False,0,0,0,False,0,0,0,False,0,0,0,False,0,0,0,0,0.0,False,False,False
10,368,54,False,0,0,0,False,0,0,0,False,0,0,0,False,0,0,0,0,0.0,False,False,False
10,368,55,False,0,0,0,False,0,0,0,False,0,0,0,False,0,0,0,0,0.0,False,False,False
10,368,56,False,0,0,0,False,0,0,0,False,0,0,0,False,0,0,0,0,0.0,False,False,False
10,368,57,False,0,0,0,False,0,0,0,False,0,0,0,False,0,0,0,0,0.0,False,False,False
10,368,58,False,0,0,0,False,0,0,0,False,0,0,0,False,0,0,0,0,0.0,False,False,False
10,368,59,False,0,0,0,False,0,0,0,False,0,0,0,False,0,0,0,0,0.0,False,False,False
10,368,60,False,0,0,0,False,0,0,0,False,0,0,0,False,0,0,0,0,0.0,False,False,False
10,368,61,False,0,0,0,False,0,0,0,False,0,0,0,False,0,0,0,0,0.0,False,False,False
10,368,62,False,0,0,0,False,0,0,0,False,0,0,0,False,0,0,0,0,0.0,False,False,False
10,368,63,False,0,0,0,False,0,0,0,False,0,0,0,False,0,0,0,0,0.0,False,False,False
10,368,64,False,0,0,0,False,0,0,0,False,0,0,0,False,0,0,0,0,0.0,False,False,False
10,368,65,False,0,0,0,False,0,0,0,False,0,0,0,False,0,0,0,0,0.0,False,False,False
10,368,66,False,0,0,0,False,0,0,0,False,0,0,0,False,0,0,0,0,0.0,False,False,False
10,368,67,False,0,0,0,False,0,0,0,False,0,0,0,False,0,0,0,0,0.0,False,False,False
10,368,68,False,0,0,0,False,0,0,0,False,0,0,0,False,0,0,0,0,0.0,False,False,False
10,368,69,False,0,0,0,False,0,0,0,False,0,0,0,False,0,0,0,0,0.0,False,False,False
10,368,70,False,0,0,0,False,0,0,0,False,0,0,0,False,0,0,0,0,0.0,False,False,False
10,368,71,False,0,0,0,False,0,0,0,False,0,0,0,False,0,0,0,0,0.0,False,False,False
10,368,72,False,0,0,0,False,0,0,0,False,0,0,0,False,0,0,0,0,0.0,False,False,False
10,368,73,False,0,0,0,False,0,0,0,False,0,0,0,False,0,0,0,0,0.0,False,False,False
10,368,74,False,0,0,0,False,0,0,0,False,0,0,0,False,0,0,0,0,0.0,False,False,False
10,368,75,False,0,0,0,False,0,0,0,False,0,0,0,False,0,0,0,0,0.0,False,False,False
10,368,76,False,0,0,0,False,0,0,0,False,0,0,0,False,0,0,0,0,0.0,False,False,False
10,368,77,False,0,0,0,False,0,0,0,False,0,0,0,False,0,0,0,0,0.0,False,False,False
10,368,78,False,0,0,0,False,0,0,0,False,0,0,0,False,0,0,0,0,0.0,False,False,False
10,368,79,False,0,0,0,False,0,0,0,False,0,0,0,False,0,0,0,0,0.0,False,False,False
10,368,80,False,0,0,0,False,0,0,0,False,0,0,0,False,0,0,0,0,0.0,False,False,False
10,368,81,False,0,0,0,False,0,0,0,False,0,0,0,False,0,0,0,0,0.0,False,False,False
10,368,82,False,0,0,0,False,0,0,0,False,0,0,0,False,0,0,0,0,0.0,False,False,False
10,368,83,False,0,0,0,False,0,0,0,False,0,0,0,False,0,0,0,0,0.0,False,False,False
10,368,84,False,0,0,0,False,0,0,0,False,0,0,0,False,0,0,0,0,0.0,False,False,False
10,368,85,False,0,0,0,False,0,0,0,False,0,0,0,False,0,0,0,0,0.0,False,False,False
10,368,86,False,0,0,0,False,0,0,0,False,0,0,0,False,0,0,0,0,0.0,False,False,False
10,368,87,False,0,0,0,False,0,0,0,False,0,0,0,False,0,0,0,0,0.0,False,False,False
10,368,88,False,0,0,0,False,0,0,0,False,0,0,0,False,0,0,0,0,0.0,False,False,False
10,368,89,False,0,0,0,False,0,0,0,False,0,0,0,False,0,0,0,0,0.0,False,False,False
10,368,90,False,0,0,0,False,0,0,0,False,0,0,0,False,0,0,0,0,0.0,False,False,False
10,368,91,False,0,0,0,False,0,0,0,False,0,0,0,False,0,0,0,0,0.0,False,False,False
10,368,92,False,0,0,0,False,0,0,0,False,0,0,0,False,0,0,0,0,0.0,False,False,False
10,368,93,False,0,0,0,False,0,0,0,False,0,0,0,False,0,0,0,0,0.0,False,False,False
10,368,94,False,0,0,0,False,0,0,0,False,0,0,0,False,0,0,0,0,0.0,False,False,False
10,368,95,False,0,0,0,False,0,0,0,False,0,0,0,False,0,0,0,0,0.0,False,False,False
10,368,96,False,0,0,0,False,0,0,0,False,0,0,0,False,0,0,0,0,0.0,False,False,False
10,368,97,False,0,0,0,False,0,0,0,False,0,0,0,False,0,0,0,0,0.0,False,False,False
10,368,98,False,0,0,0,False,0,0,0,False,0,0,0,False,0,0,0,0,0.0,False,False,False
10,368,99,False,0,0,0,False,0,0,0,False,0,0,0,False,0,0,0,0,0.0,False,False,False
10,368,100,False,0,0,0,False,0,0,0,False,0,0,0,False,0,0,0,0,0.0,False,False,False
10,368,101,False,0,0,0,False,0,0,0,False,0,0,0,False,0,0,0,0,0.0,False,False,False
10,368,102,False,0,0,0,False,0,0,0,False,0,0,0,False,0,0,0,0,0.0,False,False,False
10,368,103,False,0,0,0,False,0,0,0,False,0,0,0,False,0,0,0,0,0.0,False,False,False
10,368,104,False,0,0,0,False,0,0,0,False,0,0,0,False,0,0,0,0,0.0,False,False,False
10,368,105,False,0,0,0,False,0,0,0,False,0,0,0,False,0,0,0,0,0.0,False,False,False
10,368,106,False,0,0,0,False,0,0,0,False,0,0,0,False,0,0,0,0,0.0,False,False,False
10,368,107,False,0,0,0,False,0,0,0,False,0,0,0,False,0,0,0,0,0.0,False,False,False
10,368,108,False,0,0,0,False,0,0,0,False,0,0,0,False,0,0,0,0,0.0,False,False,False
10,368,109,False,0,0,0,False,0,0,0,False,0,0,0,False,0,0,0,0,0.0,False,False,False
10,368,110,False,0,0,0,False,0,0,0,False,0,0,0,False,0,0,0,0,0.0,False,False,False
10,368,111,False,0,0,0,False,0,0,0,False,0,0,0,False,0,0,0,0,0.0,False,False,False
10,368,112,False,0,0,0,False,0,0,0,False,0,0,0,False,0,0,0,0,0.0,False,False,False
10,368,113,False,0,0,0,False,0,0,0,False,0,0,0,False,0,0,0,0,0.0,False,False,False
10,368,114,False,0,0,0,False,0,0,0,False,0,0,0,False,0,0,0,0,0.0,False,False,False
10,368,115,False,0,0,0,False,0,0,0,False,0,0,0,False,0,0,0,0,0.0,False,False,False
